instance,algorithm,initial_mode,initial_cmax,best_cmax,time_s,iterations,objective_evaluations,main_parameter,accepted_worse,seed,best_permutation,n,m,reference_cmax,neh_cmax,neh_time_s,difference_vs_neh,improvement_vs_neh_percent,difference_vs_initial,improvement_vs_initial_percent
data.111,Simulated Annealing,random,30486,27316,0.3170416999491863,10000,10000,"T0=1000.0, alpha=0.995",310,111123,423 197 49 78 190 116 382 270 169 431 189 69 136 81 302 59 1 135 71 308 124 58 221 76 332 99 44 10 325 430 157 288 111 47 315 499 359 354 11 25 209 352 321 298 68 280 146 358 94 303 210 4 376 483 240 56 410 174 356 216 22 24 323 171 355 150 424 235 256 322 398 228 418 497 478 348 449 312 346 176 160 429 95 77 121 392 83 437 112 379 60 244 87 467 377 104 488 283 441 196 433 498 480 440 107 148 182 341 316 468 327 415 401 333 6 37 371 305 374 324 172 263 233 186 363 225 299 238 129 243 57 261 258 285 364 200 80 215 74 273 208 422 154 407 170 344 413 23 137 198 193 227 257 19 164 161 461 334 242 15 246 448 252 151 388 420 162 264 110 204 419 357 32 465 432 454 42 487 46 194 494 29 370 380 163 188 383 402 271 16 167 103 54 251 452 269 241 445 384 126 291 48 145 438 289 117 337 428 62 217 134 411 336 268 460 462 350 36 290 41 472 166 96 278 133 3 339 361 8 369 294 427 500 386 72 97 159 26 84 435 119 201 173 158 219 287 404 115 67 495 168 234 213 122 470 175 102 295 408 362 396 203 451 307 453 226 349 17 12 73 443 456 310 286 400 14 496 247 436 292 481 212 91 301 330 490 86 125 473 281 108 183 284 260 489 222 259 142 335 13 366 88 328 65 389 406 66 368 9 403 31 98 231 311 230 314 319 338 409 100 52 425 45 254 275 147 245 207 85 63 474 143 318 253 466 35 248 53 416 38 459 482 399 123 477 220 113 476 485 306 491 92 141 250 439 475 109 195 486 202 397 279 393 282 21 187 272 351 255 331 130 458 206 297 79 265 55 347 180 185 89 139 28 239 2 181 179 138 106 375 165 381 211 304 223 457 34 378 127 140 149 266 343 426 128 178 447 18 390 205 317 446 131 394 152 372 70 373 479 469 492 214 90 309 421 434 43 326 120 224 5 293 442 61 320 177 218 237 75 184 40 455 471 267 391 464 387 277 405 105 93 342 444 155 50 329 385 313 296 412 27 199 249 417 276 360 365 7 450 300 353 414 345 132 39 463 118 191 101 156 340 20 192 51 236 484 114 33 64 232 395 82 229 493 367 274 262 30 144 153,500,20,26670,26670,1.209997572004795e-05,646,-2.4221972253468316,-3170,10.398215574362002
data.111,Tabu Search,random,30486,27108,0.5005168000352569,500,20000,"tenure=15, cand=40",,111123,270 76 43 184 90 145 473 347 104 49 374 152 132 304 151 457 495 378 244 108 314 248 172 344 337 257 19 266 384 55 20 246 499 407 111 17 216 182 395 192 256 200 433 294 272 100 59 298 315 72 312 396 460 439 268 281 349 459 169 324 162 29 379 372 465 26 339 418 13 157 381 269 411 83 79 122 57 36 255 451 309 225 358 380 61 70 322 325 489 247 288 426 229 1 208 296 58 441 450 85 187 234 280 14 394 221 148 299 354 165 68 140 485 252 126 155 317 91 202 476 44 393 275 316 419 409 400 129 161 327 277 452 42 176 259 403 274 392 461 12 401 342 67 94 124 147 73 382 97 220 186 60 321 207 494 474 435 46 377 163 215 66 305 254 391 10 326 164 86 360 481 134 135 497 170 350 159 402 4 287 227 368 2 285 167 357 98 336 295 6 54 458 15 454 214 260 386 463 9 154 37 243 50 434 443 7 364 455 11 198 78 429 65 423 371 249 500 292 235 265 271 106 242 290 351 340 406 385 88 490 479 40 493 331 71 166 103 471 87 323 341 359 131 105 417 362 153 52 346 245 119 363 226 179 437 333 263 302 175 114 80 356 482 24 193 472 143 127 453 475 31 369 387 69 22 278 491 113 231 447 486 213 110 424 370 139 206 286 230 438 388 99 430 307 293 89 487 195 251 311 376 413 375 201 138 112 448 283 488 405 297 30 432 483 144 258 267 412 498 77 492 23 428 477 284 301 218 427 478 264 117 74 345 436 410 306 328 177 199 185 107 425 239 64 318 181 171 365 250 48 56 303 133 109 211 398 21 310 120 440 180 149 183 210 125 444 28 5 233 95 197 63 173 449 415 34 253 399 62 480 355 136 224 3 404 420 348 141 389 329 205 204 115 237 33 16 194 82 101 289 467 338 319 464 196 41 228 96 217 335 469 92 236 232 25 93 445 442 75 209 496 462 45 334 212 273 222 238 160 128 308 156 189 416 282 203 84 431 191 123 190 121 397 456 291 446 470 343 261 146 168 320 414 332 18 8 118 188 383 39 158 102 53 466 276 51 47 408 352 421 142 484 137 130 81 35 366 38 178 373 116 361 241 219 313 174 32 422 390 367 27 150 468 262 240 330 300 279 353 223,500,20,26670,26670,1.209997572004795e-05,438,-1.642294713160855,-3378,11.08049596536115
data.111,Simulated Annealing,random,30301,27418,0.3682879999978468,10000,10000,"T0=1000.0, alpha=0.995",297,111124,14 433 386 288 388 2 216 324 333 22 68 155 169 432 116 166 491 392 84 442 438 190 405 204 210 315 399 384 302 297 361 15 100 37 499 47 368 363 347 241 19 213 328 117 261 425 34 416 381 53 231 414 270 256 488 269 177 473 172 192 12 89 431 54 323 377 454 219 346 498 163 402 17 149 382 107 293 480 254 424 311 233 64 74 11 252 279 355 153 157 181 375 286 198 248 275 398 332 79 93 221 224 326 417 420 482 125 174 319 86 436 104 272 99 31 365 35 200 36 325 460 298 390 199 285 273 51 496 43 115 108 423 222 225 284 217 196 463 183 114 148 151 369 91 235 422 379 73 280 494 290 24 101 145 52 263 259 7 152 10 278 410 466 13 168 212 500 360 67 439 403 283 305 271 6 443 218 461 167 307 226 380 215 308 106 445 444 339 472 413 128 313 244 484 350 133 345 49 354 314 483 428 404 44 48 139 260 195 158 441 385 341 26 4 487 407 465 123 394 303 220 110 80 61 161 105 395 137 39 112 452 1 468 274 5 187 184 250 351 366 291 301 475 251 257 447 202 453 208 58 144 462 478 430 203 234 207 175 41 57 329 164 126 299 448 142 189 193 28 121 56 312 348 63 76 265 59 485 457 147 97 383 127 66 289 464 130 262 258 437 359 186 232 374 211 338 32 87 495 429 90 411 320 159 131 132 3 372 78 88 228 342 191 94 427 481 281 77 42 60 96 401 30 356 45 245 178 316 227 92 486 85 378 160 336 122 205 65 119 124 477 419 38 492 373 376 370 349 165 493 27 353 46 197 455 113 40 21 214 421 282 206 103 75 449 451 304 446 490 242 255 237 287 120 476 469 268 470 109 335 25 409 62 330 134 50 364 371 194 387 98 173 292 343 295 236 69 337 176 412 180 471 276 243 408 129 29 138 95 264 418 154 434 266 246 277 362 141 20 435 406 16 18 238 179 396 150 450 143 230 367 389 209 474 247 357 171 23 229 33 358 393 71 344 135 162 83 400 327 296 440 239 458 456 201 249 55 223 9 81 72 182 309 426 334 102 310 340 267 188 240 397 111 156 322 352 489 415 391 321 185 294 82 331 479 140 8 317 170 318 300 306 118 253 459 497 70 467 146 136,500,20,26670,26670,1.209997572004795e-05,748,-2.804649418822647,-2883,9.514537474010758
data.111,Tabu Search,random,30301,27242,0.49254179996205494,500,20000,"tenure=15, cand=40",,111124,246 135 449 88 325 2 423 326 467 31 162 305 261 78 267 270 171 201 357 172 72 230 107 106 370 498 99 121 14 302 388 241 180 63 69 492 149 67 283 272 395 227 145 363 86 59 277 217 36 406 110 186 243 129 133 381 312 384 73 296 485 169 61 342 291 250 499 279 82 382 447 252 240 402 48 22 13 481 399 96 324 257 151 422 154 19 124 288 182 153 132 419 375 75 371 443 131 465 40 181 429 337 203 313 450 295 405 323 411 102 468 358 311 491 275 460 308 322 354 126 245 319 340 1 111 341 159 285 364 174 365 339 128 183 208 224 146 260 226 441 157 216 254 45 192 396 303 166 258 300 21 52 271 309 66 248 215 318 54 244 421 253 360 222 378 189 114 90 152 351 404 374 225 268 168 150 269 482 436 347 278 251 401 7 136 407 456 464 170 220 29 212 282 218 431 200 219 315 237 33 355 239 366 418 247 286 474 242 68 214 173 144 413 202 394 457 493 484 194 361 41 274 199 85 494 6 105 9 100 25 193 281 391 165 56 120 479 383 37 57 74 466 307 58 176 310 487 79 379 329 280 167 273 428 228 109 93 16 496 116 18 478 442 461 204 438 376 138 210 80 488 400 385 89 81 47 377 368 95 350 8 290 471 49 155 46 403 477 297 380 11 352 483 249 4 51 444 328 432 454 440 206 389 346 198 434 53 293 122 490 420 43 470 231 98 480 97 298 158 125 473 34 435 264 87 39 287 398 32 301 433 333 232 148 223 448 408 359 386 195 142 476 147 163 427 137 164 101 475 20 35 84 127 188 62 416 238 500 5 472 179 160 30 417 197 103 235 497 44 372 259 117 130 113 24 424 349 143 196 50 17 161 458 262 207 71 455 495 331 76 26 451 139 263 292 112 415 459 338 356 221 191 425 412 446 23 42 65 321 344 348 83 452 77 229 306 316 123 453 410 211 437 12 177 327 343 233 265 256 213 190 236 28 175 70 362 445 3 141 178 108 345 266 10 414 134 184 140 209 92 486 119 104 409 94 15 60 276 64 91 397 115 234 55 369 387 334 439 353 156 335 336 118 27 205 332 367 38 294 469 390 320 463 330 489 426 187 284 304 430 392 317 373 299 185 393 255 289 462 314,500,20,26670,26670,1.209997572004795e-05,572,-2.144731908511436,-3059,10.095376390218144
data.111,Simulated Annealing,random,29985,27280,0.32701909996103495,10000,10000,"T0=1000.0, alpha=0.995",302,111125,56 455 62 22 7 143 438 68 355 362 2 201 88 45 339 264 439 431 410 145 288 184 257 286 237 392 207 491 111 217 129 19 374 468 400 241 179 280 176 79 100 233 324 271 298 172 110 214 216 406 147 450 266 225 418 150 322 14 94 183 311 210 365 489 124 470 48 382 16 162 167 182 83 261 160 484 169 238 10 384 358 30 331 200 156 315 153 136 498 240 447 180 273 283 495 386 128 11 74 319 149 267 13 139 285 347 328 260 494 323 428 294 307 451 395 252 316 165 330 345 253 52 138 188 26 229 218 86 477 474 73 90 140 282 142 198 151 268 232 224 302 34 269 488 186 67 467 8 287 78 403 181 47 399 303 44 344 37 312 372 301 449 245 231 440 84 325 263 496 411 28 370 199 299 402 17 40 472 38 163 166 157 377 434 359 493 104 314 43 243 416 481 368 464 397 121 413 417 77 350 118 63 378 461 101 204 97 81 485 230 396 429 376 352 211 42 262 41 189 463 148 4 89 460 318 93 327 486 134 242 87 363 246 164 244 379 6 295 284 60 116 480 317 236 279 239 452 209 407 114 320 117 290 427 159 99 401 483 409 404 296 190 433 168 24 465 408 304 228 102 75 337 61 454 443 321 80 178 476 435 25 115 334 46 20 18 187 234 349 419 497 381 192 457 174 459 354 499 373 227 442 336 103 456 341 398 448 490 191 388 332 31 446 125 69 29 57 441 50 222 35 270 371 203 278 289 437 482 76 235 36 309 171 425 391 305 369 356 255 405 293 96 458 500 313 432 141 487 161 144 173 92 59 120 414 212 351 33 49 108 154 326 426 133 275 466 131 333 65 272 383 226 109 292 478 247 357 123 95 422 420 329 361 213 265 249 276 444 195 340 1 9 155 185 202 415 353 51 219 421 366 127 3 254 306 394 335 250 423 135 39 107 72 492 220 248 113 297 177 462 430 58 206 251 85 387 106 274 137 5 82 91 15 196 291 471 12 21 348 119 175 132 259 258 53 256 375 194 343 469 342 412 71 122 105 221 54 436 360 112 170 223 205 445 346 32 453 380 308 130 146 310 98 338 193 281 152 23 385 64 208 126 364 367 197 424 277 475 473 389 27 55 300 215 158 70 66 479 390 393,500,20,26670,26670,1.209997572004795e-05,610,-2.2872140982377203,-2705,9.021177255294313
data.111,Tabu Search,random,29985,27177,0.48852710000937805,500,20000,"tenure=15, cand=40",,111125,172 153 336 273 78 204 469 176 5 324 378 467 343 160 322 306 24 74 493 358 110 454 257 43 147 124 68 298 381 76 183 342 229 422 388 151 359 248 491 185 123 308 311 198 174 31 261 477 104 169 242 423 70 372 443 286 458 411 113 267 366 29 350 485 377 65 440 166 431 303 22 245 399 365 217 99 338 457 461 452 293 347 233 418 90 226 46 61 144 484 23 494 202 325 130 361 44 49 254 73 216 276 213 269 25 408 496 33 275 444 316 149 112 175 193 412 146 19 63 407 296 60 438 214 64 114 162 339 403 409 468 145 395 312 349 134 479 285 186 200 427 116 7 79 148 380 354 6 318 499 243 344 460 34 178 268 417 442 67 241 189 199 91 250 224 362 59 36 150 210 251 196 16 280 194 102 55 263 271 471 239 297 289 138 203 135 288 1 356 27 446 57 398 448 451 258 327 281 56 191 132 197 20 315 447 236 481 307 332 369 128 142 105 353 486 439 287 410 340 69 159 87 466 212 495 83 290 426 158 478 416 274 122 317 42 384 240 11 441 475 252 321 35 225 119 463 247 500 96 10 373 415 419 302 436 450 103 106 283 237 483 333 394 66 335 92 221 152 84 284 125 371 188 171 220 455 256 432 462 30 300 228 346 299 473 41 402 393 277 117 40 15 476 167 201 9 492 62 111 28 433 121 26 470 334 218 376 97 401 8 425 272 379 390 404 465 89 391 392 222 50 291 386 139 161 326 39 270 21 180 170 331 437 143 93 389 17 370 323 387 211 265 413 498 131 490 109 101 54 141 488 266 259 133 309 264 301 205 304 360 368 383 140 81 52 489 449 328 115 329 165 355 14 351 37 424 192 95 435 184 313 414 94 396 4 348 154 177 230 157 337 164 58 88 231 456 314 367 51 428 12 120 279 53 292 2 127 32 209 163 420 129 234 206 421 181 282 126 48 406 13 397 219 18 374 3 215 207 305 474 195 295 187 255 155 156 38 238 235 168 294 47 320 45 453 71 98 260 86 400 80 190 310 352 472 434 487 357 182 364 232 480 75 107 118 246 85 459 341 375 363 227 482 108 208 330 179 262 445 249 100 223 173 82 345 136 319 382 278 429 430 405 385 253 464 72 244 497 137 77,500,20,26670,26670,1.209997572004795e-05,507,-1.9010123734533184,-2808,9.364682341170585
data.112,Simulated Annealing,random,31094,27831,0.3424498999956995,10000,10000,"T0=1000.0, alpha=0.995",283,112123,127 365 492 386 356 210 311 71 471 46 224 286 192 4 350 25 344 61 117 469 21 241 282 173 269 188 51 479 74 445 176 47 202 495 315 338 41 228 352 335 194 186 260 488 174 103 149 366 395 369 161 191 410 119 358 99 468 423 105 288 115 114 325 428 216 490 321 54 214 396 475 476 162 324 380 431 135 425 69 189 168 112 270 448 13 272 384 329 401 259 100 150 182 389 256 152 472 287 405 370 203 73 409 464 249 484 1 2 197 140 336 273 364 107 412 400 345 362 451 169 314 347 213 357 50 68 438 207 326 268 415 184 18 497 206 419 246 211 70 303 466 56 440 331 230 58 349 132 309 242 373 341 491 257 91 284 280 222 398 279 496 101 79 290 185 281 80 301 498 442 320 97 294 403 220 407 133 371 62 368 253 417 394 361 434 277 200 393 238 63 353 443 239 367 416 49 432 487 32 196 247 351 171 15 16 254 486 95 10 421 29 470 295 66 263 441 198 187 163 339 276 439 450 39 297 427 14 87 422 346 392 300 75 494 480 27 85 304 137 72 106 155 244 120 218 420 463 221 355 55 26 52 333 227 78 354 499 236 142 477 258 146 452 302 274 381 53 306 411 483 48 308 390 330 145 82 449 312 36 167 317 159 65 166 267 134 460 493 94 231 264 138 42 275 121 92 44 382 153 219 250 262 387 322 359 151 233 181 6 234 130 455 143 327 444 453 243 164 30 235 232 283 310 156 154 377 35 374 57 225 22 436 157 375 179 209 88 104 255 485 20 37 319 76 5 332 177 418 285 402 172 3 337 201 19 84 123 340 180 67 90 77 316 376 481 391 237 183 212 334 342 265 266 126 459 178 38 204 413 215 8 17 7 245 385 148 223 175 435 299 128 379 404 454 447 86 9 96 430 406 12 28 170 289 323 383 229 461 478 305 113 489 456 59 158 399 147 122 31 193 81 93 293 397 240 437 482 465 424 296 457 102 109 199 111 473 248 160 318 64 313 467 139 291 278 11 144 34 252 226 446 348 292 251 118 195 388 89 60 40 429 500 23 208 217 408 462 129 360 433 458 43 83 110 98 474 141 426 124 45 298 131 24 378 343 108 136 205 328 307 372 261 165 116 363 33 190 125 414 271,500,20,27232,27232,4.999979864805937e-06,599,-2.1996180963572267,-3263,10.493985978002186
data.112,Tabu Search,random,31094,27630,0.509397900023032,500,20000,"tenure=15, cand=40",,112123,241 106 456 125 471 24 349 479 32 10 66 410 354 445 8 74 85 421 230 468 147 325 448 381 310 164 299 203 278 130 291 153 4 219 500 61 476 79 324 112 467 254 234 223 348 95 269 404 379 117 21 326 320 228 355 222 98 5 486 157 197 72 210 477 497 271 55 455 133 490 224 18 128 208 2 6 373 353 252 394 67 407 370 244 90 251 73 420 315 441 498 268 488 334 190 307 304 249 442 321 288 93 337 171 100 385 62 120 158 25 165 48 145 265 189 243 148 305 141 215 196 177 388 365 180 459 233 105 122 311 195 329 313 226 217 182 94 409 167 140 173 322 181 143 200 151 47 71 89 331 463 103 422 284 481 375 54 246 227 333 464 179 356 366 178 273 28 412 303 131 474 213 266 202 253 267 417 42 485 494 225 43 415 156 57 491 341 427 214 435 170 403 81 212 431 293 263 186 86 17 342 319 108 70 434 398 118 204 206 368 229 287 443 480 49 113 461 428 187 218 116 41 150 470 487 430 450 15 38 232 283 285 37 314 44 482 493 211 336 201 460 466 377 96 416 188 22 453 449 245 302 14 126 281 386 380 83 258 65 444 384 239 56 261 297 390 360 127 352 274 383 216 378 316 247 423 248 242 144 317 92 52 115 163 376 78 499 176 138 220 27 175 335 436 221 332 97 451 46 185 418 194 33 40 9 13 123 289 292 359 250 462 75 172 137 330 306 345 109 469 12 339 374 402 146 169 60 238 282 363 162 369 142 264 236 39 68 199 50 294 492 191 23 346 114 338 495 30 276 327 51 496 58 101 351 19 372 134 465 458 207 399 99 298 256 88 111 433 275 31 484 280 63 161 478 82 396 1 159 29 279 367 91 371 411 237 193 400 439 104 149 309 260 392 7 183 102 440 272 121 473 432 454 270 446 152 240 475 166 124 277 155 344 168 119 87 362 77 312 59 259 255 20 16 136 401 129 347 308 393 406 350 160 395 257 358 426 35 323 64 53 429 296 340 209 438 472 11 408 26 192 84 198 387 413 135 45 231 397 483 139 235 262 301 425 295 457 184 154 110 452 132 3 76 357 328 389 290 391 80 489 286 437 318 300 174 447 205 405 107 69 424 414 364 419 361 34 382 343 36,500,20,27232,27232,4.999979864805937e-06,398,-1.4615158636897767,-3464,11.140412941403486
data.112,Simulated Annealing,random,30593,27751,0.3347934000194073,10000,10000,"T0=1000.0, alpha=0.995",295,112124,344 264 8 498 222 61 76 254 326 97 321 470 298 4 365 74 140 227 48 453 368 112 25 69 358 322 448 181 178 430 16 14 319 276 474 135 426 194 169 476 317 258 101 54 421 374 454 33 472 393 262 83 360 378 154 237 431 98 179 84 230 51 346 121 333 114 226 100 167 10 55 219 150 3 9 58 402 146 432 380 273 12 186 429 302 117 456 299 350 177 152 175 287 266 134 251 43 198 409 377 463 307 449 277 439 261 327 132 91 82 77 343 490 442 197 213 309 342 288 129 161 253 433 376 468 162 13 224 34 399 487 200 478 221 40 396 86 15 136 107 331 118 320 371 306 256 85 214 90 182 283 404 231 207 71 81 185 353 469 18 199 80 485 238 24 313 59 103 471 204 391 479 89 145 308 339 348 158 67 324 106 305 39 354 229 87 362 337 279 172 116 148 215 168 311 143 70 315 386 366 95 272 278 491 349 294 31 22 17 191 21 415 6 411 355 440 151 1 35 425 126 275 122 105 384 211 356 388 131 304 246 335 232 123 137 205 345 189 45 94 318 407 297 195 216 209 108 187 210 26 341 88 259 457 352 265 139 293 212 268 41 412 171 441 228 445 364 329 60 483 361 170 92 28 413 383 334 400 147 203 357 274 459 340 79 325 68 234 42 27 56 153 202 223 424 466 443 32 450 494 141 164 467 46 420 428 52 160 332 394 144 30 389 473 436 78 220 370 444 133 419 120 314 165 156 379 176 269 155 290 492 157 493 64 75 63 452 336 462 488 252 500 183 408 423 489 289 102 142 286 247 486 434 257 49 403 427 19 66 460 184 477 464 192 62 338 138 93 375 301 249 127 263 285 38 482 390 47 499 451 395 497 241 255 405 280 233 149 416 115 240 385 73 2 406 447 446 250 484 260 292 201 5 196 372 267 23 166 410 270 217 363 244 29 397 50 57 417 401 119 239 387 369 36 174 281 163 330 367 438 243 53 282 173 188 65 242 461 418 245 113 44 435 271 284 316 180 11 300 159 303 475 104 72 110 296 455 130 351 414 373 208 437 128 422 465 111 295 323 7 347 381 310 37 495 248 96 218 392 124 359 20 206 312 398 109 382 236 458 225 235 99 125 496 291 190 193 480 481 328,500,20,27232,27232,4.999979864805937e-06,519,-1.9058460634547592,-2842,9.289706795672213
data.112,Tabu Search,random,30593,27581,0.48593959998106584,500,20000,"tenure=15, cand=40",,112124,69 148 8 256 275 105 205 376 146 4 241 468 448 327 311 14 340 370 90 356 470 209 282 386 67 156 455 172 335 394 41 157 161 247 350 307 326 358 174 323 29 62 395 178 2 427 377 19 55 270 147 444 74 188 245 388 47 195 124 422 230 248 400 54 121 423 352 28 342 96 120 478 134 112 443 46 308 181 140 332 228 162 493 459 487 211 404 37 346 479 192 130 219 407 396 437 474 106 374 21 95 133 79 204 210 169 441 88 302 189 91 329 117 111 149 158 193 494 278 298 413 65 378 353 242 274 483 128 222 93 240 89 491 464 202 287 132 160 180 452 430 288 330 334 300 389 24 390 86 438 276 325 257 183 269 403 197 273 318 260 328 61 265 368 500 338 364 226 70 225 344 7 343 207 43 426 488 165 421 366 231 263 495 362 449 431 64 153 414 409 371 412 80 497 322 68 237 173 433 392 317 321 50 435 42 57 119 301 347 139 331 314 92 220 456 324 417 125 108 289 73 18 32 297 66 206 97 114 410 337 187 75 295 434 72 349 492 285 279 258 467 17 398 135 472 227 419 312 440 320 218 292 196 309 375 385 137 98 233 424 48 82 77 499 402 123 214 216 236 345 45 457 283 179 145 131 78 232 439 155 22 450 129 115 190 102 13 339 348 76 99 107 58 310 5 299 176 23 357 393 33 154 60 372 305 12 365 359 35 136 451 333 238 462 416 399 463 473 498 36 164 182 143 373 254 40 223 303 171 168 296 486 118 484 167 469 429 397 104 175 453 239 224 306 281 109 94 363 191 221 420 351 249 477 411 405 415 268 379 266 31 272 20 59 471 259 262 489 442 267 490 83 49 144 480 152 38 159 150 250 10 212 213 319 355 184 11 44 84 290 361 284 186 151 291 465 234 313 445 425 34 360 252 406 367 56 1 199 166 384 9 436 428 401 315 418 454 481 277 482 101 26 432 496 52 476 3 208 316 261 177 271 217 81 280 39 251 383 244 200 170 6 138 253 203 87 475 293 243 194 113 460 229 286 126 85 255 458 387 466 141 122 103 116 100 381 354 15 27 461 264 163 201 304 341 30 16 185 336 447 215 110 198 63 446 485 382 142 369 408 51 235 127 25 53 71 391 294 246 380,500,20,27232,27232,4.999979864805937e-06,349,-1.2815804935370152,-3012,9.845389468178995
data.112,Simulated Annealing,random,31069,27745,0.3158533999812789,10000,10000,"T0=1000.0, alpha=0.995",289,112125,181 55 438 404 399 141 153 476 74 471 292 90 69 468 247 106 296 500 61 8 227 76 103 146 49 282 358 116 186 488 131 394 279 322 47 353 41 68 490 268 341 6 475 349 331 105 308 114 159 456 433 252 67 431 375 350 152 277 164 290 79 428 253 80 101 326 42 486 274 361 482 409 374 363 419 400 37 416 329 25 122 388 495 304 318 288 492 165 396 130 256 85 410 423 333 180 257 462 453 219 463 23 386 93 352 297 200 192 73 378 264 313 150 211 494 356 364 447 347 210 382 112 113 421 34 224 379 151 450 265 425 387 255 415 124 444 248 233 177 295 420 312 319 241 155 91 243 275 368 250 149 36 120 198 362 19 369 202 208 442 392 372 107 147 300 133 246 136 427 470 483 184 35 217 204 320 327 269 357 266 223 1 403 213 422 323 251 473 477 7 436 366 303 81 13 338 166 78 461 242 305 178 32 137 57 455 284 301 197 480 459 413 48 390 289 21 278 272 339 294 365 196 448 30 315 283 96 411 485 254 190 236 167 59 376 280 203 469 189 397 228 445 45 393 325 185 2 110 276 307 56 51 89 244 497 437 316 310 267 478 346 100 491 128 452 324 371 281 125 383 27 321 65 359 460 302 385 212 260 464 220 15 401 389 158 343 377 384 135 86 487 84 373 481 317 484 328 43 412 118 117 457 201 474 44 33 222 351 489 132 479 170 94 345 121 231 5 417 398 451 270 88 263 139 24 432 174 129 39 402 63 40 11 29 298 145 154 258 206 156 52 188 205 472 14 20 138 232 26 370 499 498 214 426 337 218 111 4 144 148 354 70 335 58 262 209 271 429 17 493 348 449 162 3 95 179 157 407 430 119 183 443 465 238 77 127 435 87 22 71 240 496 140 66 334 314 168 405 311 195 99 381 92 82 446 50 187 360 171 226 134 64 97 102 126 173 434 234 230 332 176 194 115 286 293 367 418 163 408 299 104 467 245 466 441 259 336 62 123 18 261 235 380 28 291 109 340 439 161 344 10 406 31 53 9 395 391 160 330 199 216 440 454 175 215 287 38 424 12 458 306 143 60 72 239 225 172 75 355 309 342 221 285 54 207 414 83 182 249 142 273 191 229 193 98 108 46 169 16 237,500,20,27232,27232,4.999979864805937e-06,513,-1.883813160987074,-3324,10.698767259969745
data.112,Tabu Search,random,31069,27574,0.5488109999569133,500,20000,"tenure=15, cand=40",,112125,275 455 441 493 92 179 404 291 112 45 271 463 113 470 486 304 197 315 139 150 419 472 468 69 341 219 47 325 494 276 83 40 477 351 497 421 66 213 442 88 346 49 282 274 430 311 365 222 97 313 333 400 32 20 156 58 301 132 62 265 169 1 190 56 242 424 355 207 57 364 117 270 479 159 340 471 476 294 335 76 233 352 344 212 395 181 42 131 459 263 209 444 134 399 228 101 74 257 90 264 415 403 23 429 302 360 317 338 200 456 81 417 9 481 16 286 288 26 154 277 10 86 43 372 15 87 72 106 462 192 348 51 308 373 29 191 402 460 166 79 316 359 152 73 177 85 357 203 186 21 13 446 447 433 303 71 386 347 299 244 259 210 98 342 123 284 305 227 114 488 162 50 185 307 452 349 428 391 195 41 425 183 334 96 67 358 339 401 31 437 60 124 498 397 165 100 6 202 39 432 251 173 410 91 119 319 480 448 187 122 224 182 363 350 405 377 93 189 489 321 109 435 18 215 37 120 102 250 25 55 188 157 312 393 454 237 3 140 418 38 194 125 34 30 204 495 247 59 383 371 7 84 279 19 482 296 33 253 369 272 48 375 328 12 422 353 376 143 268 439 141 130 234 14 269 443 206 232 252 374 361 138 326 249 367 262 4 466 126 146 327 193 356 297 199 278 105 2 167 450 174 379 322 214 407 223 75 82 500 285 261 145 208 343 17 8 382 292 158 35 465 137 180 412 238 201 499 469 196 370 484 103 318 289 80 423 256 384 283 27 53 246 168 464 457 107 254 485 118 61 396 64 70 148 133 142 416 474 221 176 94 104 310 226 329 290 243 216 164 171 241 320 89 309 225 161 398 77 387 211 258 22 411 136 129 345 28 392 108 127 420 483 46 490 475 239 255 229 220 300 24 394 149 236 362 491 267 487 280 121 378 151 231 281 184 324 78 170 273 155 266 178 331 449 287 427 354 144 413 332 128 63 306 496 54 426 135 175 295 11 99 147 198 68 440 245 330 436 467 478 453 153 110 5 385 445 160 389 163 337 431 388 52 409 235 240 217 111 380 390 451 381 368 115 434 366 298 293 461 44 314 408 323 36 248 458 473 65 260 406 336 438 218 172 95 116 492 205 414 230,500,20,27232,27232,4.999979864805937e-06,342,-1.2558754406580495,-3495,11.249155106376131
data.113,Simulated Annealing,random,30781,27431,0.3525433999602683,10000,10000,"T0=1000.0, alpha=0.995",302,113123,245 236 3 372 241 153 164 34 174 83 41 221 365 468 161 356 216 108 333 87 162 70 382 54 340 227 421 313 364 106 327 45 144 274 495 32 136 204 440 303 33 464 209 14 138 258 328 398 226 315 143 486 195 429 219 40 294 304 269 496 289 308 237 292 238 431 121 147 487 63 118 242 392 148 82 435 457 113 57 38 359 2 5 283 1 466 349 275 498 288 222 343 184 9 375 247 218 62 229 396 456 384 307 483 482 191 199 75 470 142 123 253 249 52 252 15 154 145 437 31 178 74 293 157 150 24 185 499 344 53 465 477 201 491 455 102 305 134 156 434 408 22 188 443 65 167 336 89 90 390 193 284 94 215 224 329 427 337 205 263 64 347 446 352 309 422 438 228 98 158 314 339 259 291 203 11 481 202 338 177 494 6 462 110 243 180 403 171 217 200 335 451 210 20 402 26 423 387 319 220 234 152 7 255 149 261 25 44 244 373 132 141 16 400 476 286 71 55 472 125 207 48 92 129 428 325 235 306 250 69 111 377 60 355 115 265 10 81 192 302 385 93 488 257 240 27 321 490 104 176 36 362 135 467 47 114 173 182 450 354 276 196 406 324 80 254 320 8 388 172 77 405 139 107 316 163 272 140 179 17 489 79 350 407 225 86 51 67 116 37 277 391 130 425 369 91 323 103 160 183 271 46 66 439 448 370 273 99 478 127 374 264 301 194 479 409 231 474 131 187 492 73 417 251 445 397 197 442 169 418 76 128 112 299 326 414 267 260 56 232 246 213 416 393 19 399 345 497 262 493 50 30 239 361 469 453 42 424 342 105 68 124 394 212 411 358 471 318 165 230 485 310 401 500 473 280 353 379 480 12 155 426 233 412 317 59 322 23 117 433 410 386 278 366 270 206 452 351 330 97 413 444 95 282 430 175 181 78 109 281 441 463 460 371 151 146 100 436 331 186 43 334 297 367 376 84 459 28 484 189 170 88 420 341 39 126 415 208 348 296 72 458 432 13 223 18 49 256 268 29 214 447 287 120 419 285 122 395 332 389 133 119 449 35 368 137 85 248 357 4 404 298 383 360 380 190 300 295 211 166 168 61 363 454 58 346 290 21 266 312 198 96 381 311 159 378 475 279 101 461,500,20,26848,26848,4.400033503770828e-06,583,-2.1714839094159712,-3350,10.883337123550241
data.113,Tabu Search,random,30781,27327,0.5005637999856845,500,20000,"tenure=15, cand=40",,113123,90 144 492 241 389 3 425 391 286 354 10 410 329 13 220 72 41 225 299 431 136 261 212 421 99 146 91 74 487 393 60 7 1 135 372 328 12 50 224 436 194 483 38 101 132 71 106 32 34 468 250 318 150 18 54 443 216 153 300 75 499 105 435 419 320 67 70 390 82 170 378 306 308 303 187 137 353 110 166 8 388 309 337 46 45 195 267 156 404 323 26 235 384 361 405 392 102 219 56 258 204 420 375 14 111 240 256 264 152 30 227 11 87 88 94 490 21 214 428 330 141 338 464 433 179 434 229 162 246 25 356 254 319 480 197 376 80 9 78 327 411 200 463 363 444 294 486 160 188 470 47 81 450 147 257 76 157 244 159 402 100 282 196 27 233 371 458 31 185 242 441 40 231 49 28 97 368 394 279 263 262 77 479 284 292 37 476 281 491 173 493 138 430 455 182 460 324 19 268 108 245 22 342 297 228 313 370 304 423 134 39 260 142 143 118 63 178 62 243 53 386 285 352 208 351 191 457 365 172 298 456 373 364 215 383 288 163 277 359 496 23 253 345 66 366 466 396 238 69 289 473 55 360 453 181 335 151 33 98 230 218 109 382 440 271 333 119 249 210 174 403 290 113 122 123 316 180 495 336 275 334 128 114 169 379 273 65 446 295 129 414 24 278 367 211 472 422 117 236 133 429 217 177 161 36 478 237 131 93 498 89 259 409 291 471 331 154 192 488 307 176 325 226 369 59 274 148 223 2 381 127 84 120 454 205 377 16 321 387 461 315 175 494 149 140 145 124 198 482 408 283 406 415 343 221 332 439 341 447 399 346 199 417 116 20 448 121 184 427 302 485 438 416 239 500 322 43 48 467 347 107 255 92 61 296 314 326 465 5 203 95 29 462 310 451 171 213 251 52 247 445 64 189 103 489 400 207 167 265 437 85 209 350 452 276 339 287 398 432 4 232 165 202 481 374 155 358 86 484 395 125 418 58 83 222 206 424 42 234 168 474 44 186 412 280 385 497 104 348 305 158 349 15 449 401 139 252 340 190 35 73 6 126 269 301 193 68 426 51 442 270 248 115 79 362 293 380 397 357 164 477 407 344 312 475 469 355 112 183 17 311 317 266 272 459 57 413 96 201 130,500,20,26848,26848,4.400033503770828e-06,479,-1.7841179976162098,-3454,11.221207887982846
data.113,Simulated Annealing,random,30266,27447,0.32388899999205023,10000,10000,"T0=1000.0, alpha=0.995",281,113124,241 254 84 329 342 414 173 116 256 299 498 138 184 255 306 398 364 163 33 443 490 197 181 207 189 151 11 456 308 228 78 130 453 75 236 219 7 162 69 76 175 222 72 274 100 136 204 46 491 213 283 303 196 147 210 164 371 95 156 42 406 464 60 144 370 2 339 294 226 499 257 66 113 237 186 330 473 291 109 391 246 227 483 403 286 439 64 393 179 31 355 50 205 497 401 253 124 463 54 471 270 361 21 134 51 309 496 276 302 157 334 86 260 117 187 326 446 349 434 3 296 376 492 430 159 160 278 285 44 26 41 389 38 170 74 221 142 312 500 61 277 441 14 340 223 92 12 476 487 338 428 324 91 458 448 266 5 366 93 88 356 415 258 405 105 39 36 316 214 40 409 422 375 126 167 47 115 67 73 10 45 314 373 248 34 177 218 240 310 265 111 381 102 348 295 269 470 297 108 135 394 261 410 15 399 494 235 110 307 301 280 424 281 352 372 466 37 200 359 423 150 209 30 195 185 22 238 65 229 481 199 192 327 143 193 374 484 284 451 461 141 49 287 425 429 35 311 180 354 107 331 386 25 390 183 56 321 201 85 234 119 174 245 83 247 13 412 474 407 259 293 388 6 421 313 420 332 98 169 353 385 103 337 123 215 127 465 343 315 63 132 77 358 305 462 58 485 203 489 191 152 433 279 71 346 125 268 17 145 166 477 208 495 333 460 328 273 225 29 79 262 417 1 80 249 380 211 479 459 383 416 431 493 8 404 419 411 94 395 52 472 87 444 298 140 212 168 99 19 244 282 81 288 216 171 469 438 325 320 148 48 55 62 397 118 440 350 264 233 341 230 97 59 319 154 344 70 122 442 243 351 53 267 447 408 427 153 4 357 322 384 121 149 252 239 345 435 418 32 382 402 275 128 112 379 27 323 467 362 220 452 335 57 133 369 347 289 178 23 129 413 292 468 120 182 28 158 437 263 363 450 486 194 478 43 24 457 449 16 300 387 378 188 445 368 206 377 137 400 18 317 190 96 165 161 436 488 217 396 131 82 367 271 250 455 232 101 224 198 68 202 318 251 89 139 146 231 114 90 392 106 20 482 155 454 432 475 480 104 360 365 9 176 172 290 242 426 304 336 272,500,20,26848,26848,4.400033503770828e-06,599,-2.231078665077473,-2819,9.31408180796934
data.113,Tabu Search,random,30266,27410,0.49765219999244437,500,20000,"tenure=15, cand=40",,113124,254 464 433 299 492 196 227 487 414 86 209 204 272 375 389 151 49 374 185 409 215 285 261 470 278 216 305 144 40 435 127 429 15 28 239 45 490 203 466 369 431 177 283 218 443 81 33 51 192 256 228 335 284 451 339 258 72 365 425 108 291 173 166 130 452 244 136 171 281 161 37 184 495 5 197 327 221 411 402 11 188 191 441 154 164 324 427 457 109 31 331 73 340 98 271 259 385 93 264 446 205 176 307 157 368 329 346 448 112 211 179 10 229 226 437 309 274 181 469 279 220 36 288 126 224 62 251 286 148 417 189 76 302 65 262 100 373 96 34 182 242 474 107 170 38 110 23 497 358 463 235 354 313 125 7 219 118 134 325 303 172 214 371 434 384 70 210 75 159 92 74 450 12 30 132 55 186 349 141 59 147 304 386 91 486 408 493 160 298 405 454 308 21 479 430 471 317 342 241 238 57 392 116 84 312 104 421 152 61 491 290 105 223 240 88 467 362 372 103 420 243 54 394 396 400 8 388 468 32 249 485 208 351 106 269 359 99 199 318 68 245 424 397 35 459 477 207 399 347 442 19 456 301 94 56 102 14 162 95 246 395 315 476 439 85 328 83 111 453 121 122 156 376 364 444 145 236 494 2 63 17 473 123 482 201 48 353 50 360 419 337 403 410 461 415 355 489 270 180 255 428 316 390 16 500 247 44 52 46 293 361 24 90 314 440 265 222 22 237 87 449 20 131 194 341 334 295 379 398 169 202 69 25 273 294 168 306 366 114 382 475 1 58 71 436 78 234 89 153 167 66 332 445 128 64 233 458 101 499 383 404 326 276 248 67 333 348 200 275 462 6 280 484 319 9 163 320 231 412 42 455 378 138 465 79 250 39 496 150 422 438 140 195 350 380 139 212 401 393 423 287 198 356 133 60 13 418 18 119 4 296 344 338 206 257 47 190 357 498 41 488 432 426 268 124 292 149 336 158 155 146 387 29 137 193 416 230 165 323 277 77 225 391 297 117 252 213 345 253 472 115 460 282 311 447 26 322 483 175 178 27 300 53 413 267 330 370 135 289 80 174 343 481 478 113 3 352 97 129 142 232 187 263 377 260 480 82 406 143 43 381 321 183 310 266 120 363 367 217 407,500,20,26848,26848,4.400033503770828e-06,562,-2.0932657926102505,-2856,9.436331196722394
data.113,Simulated Annealing,random,30570,27557,0.33638819999760017,10000,10000,"T0=1000.0, alpha=0.995",304,113125,56 45 390 11 111 372 86 148 362 210 314 231 303 380 5 60 37 144 451 398 234 48 161 3 261 256 235 438 31 349 302 228 241 421 275 470 324 216 63 195 474 500 227 238 394 174 99 338 352 35 388 187 19 82 425 30 410 215 22 320 484 66 90 220 204 200 323 233 326 135 89 309 95 121 400 492 424 293 445 189 463 431 435 496 38 173 42 55 240 26 340 2 286 437 184 466 350 68 167 269 483 101 151 260 122 342 246 456 154 124 360 51 223 264 491 138 368 208 477 278 23 283 406 206 464 339 272 225 251 345 417 449 7 16 485 334 249 273 418 20 52 307 179 44 33 300 242 146 268 239 328 411 145 193 43 125 27 92 367 434 397 14 102 61 21 1 230 188 152 291 414 460 426 298 389 177 476 393 405 213 279 245 180 75 467 285 317 312 112 319 396 299 69 336 295 277 270 346 226 255 429 487 170 217 100 182 129 214 370 458 377 185 115 354 47 399 91 499 62 387 357 49 428 80 344 64 497 166 316 296 331 347 375 149 94 446 488 116 482 478 162 282 465 304 83 412 366 333 98 373 403 441 157 212 308 325 229 46 79 280 382 158 495 365 315 118 276 128 134 132 114 141 292 416 419 385 481 147 172 74 70 8 194 117 136 71 84 41 343 455 432 356 190 123 119 335 10 306 480 294 36 386 318 274 202 444 96 313 450 430 169 462 15 321 493 395 171 78 219 258 12 443 110 126 247 236 192 361 131 178 40 301 392 442 281 364 244 471 199 479 175 232 337 452 427 104 439 164 401 58 422 371 25 433 489 327 18 57 198 87 176 248 359 252 4 133 39 209 222 330 265 329 454 494 67 9 250 355 181 159 113 34 263 168 81 165 402 93 103 267 191 461 163 408 120 13 436 59 287 54 284 221 205 53 24 332 108 88 459 183 76 423 468 374 305 139 407 259 153 379 237 440 17 271 137 358 409 72 257 288 109 381 65 243 28 453 404 383 211 85 253 150 127 420 143 105 475 50 203 289 290 142 348 197 156 369 341 384 97 186 469 473 498 254 310 130 415 457 77 224 32 447 201 106 376 472 218 207 391 448 351 160 107 297 196 322 29 6 311 413 140 486 262 266 490 155 73 353 378 363,500,20,26848,26848,4.400033503770828e-06,709,-2.640792610250298,-3013,9.856068040562644
data.113,Tabu Search,random,30570,27434,0.5202467000344768,500,20000,"tenure=15, cand=40",,113125,392 99 303 34 38 364 229 8 292 256 3 443 362 244 46 425 89 71 474 47 121 190 230 497 265 342 355 409 82 308 1 372 313 200 118 437 316 261 134 268 286 485 168 170 182 493 329 414 239 174 96 238 444 337 74 243 133 390 152 435 111 142 149 304 359 421 400 148 487 439 185 403 251 209 10 260 287 494 50 363 64 249 330 384 109 398 125 234 20 386 354 356 180 476 195 56 453 15 235 193 499 93 70 246 31 470 340 456 113 305 310 467 167 496 207 309 285 27 302 30 267 270 258 452 23 181 349 166 391 44 138 381 464 55 396 491 179 431 39 233 306 176 492 208 211 24 140 25 288 477 312 283 63 28 274 191 248 75 91 276 271 484 212 486 150 395 137 158 446 100 266 379 318 22 300 227 335 343 423 119 232 323 107 123 143 250 424 410 88 59 328 17 307 460 204 241 215 45 284 156 332 299 226 366 388 18 171 457 369 94 106 83 202 66 161 333 218 368 317 216 406 141 92 247 151 57 281 295 347 219 440 290 278 327 459 236 26 430 135 450 500 86 466 298 417 331 482 146 351 197 294 73 192 311 97 199 344 58 255 194 428 280 231 277 360 275 228 210 297 67 399 203 153 11 131 160 162 376 415 13 377 471 19 165 480 469 401 445 315 465 434 217 2 136 289 114 110 164 481 438 461 7 116 370 221 144 237 41 478 90 382 412 378 33 54 441 432 245 126 449 348 60 84 321 387 62 53 479 61 124 402 157 320 371 5 495 72 427 429 345 389 172 346 259 223 132 222 21 324 37 336 420 489 319 178 279 85 407 32 112 253 282 76 472 411 462 454 488 375 357 87 419 80 374 352 104 483 189 198 43 184 334 4 448 6 291 175 264 405 177 98 296 9 498 169 102 78 120 341 147 127 115 353 81 183 154 373 408 52 105 269 380 214 213 224 358 272 455 40 468 436 394 273 463 79 242 95 433 339 397 393 418 338 145 458 155 416 206 187 29 36 293 263 205 475 117 16 108 361 68 65 196 325 163 129 442 314 254 383 422 201 225 122 77 51 35 159 447 240 252 350 188 413 48 404 367 12 326 257 139 186 451 301 49 490 365 14 130 385 220 69 173 262 473 128 322 101 42 103 426,500,20,26848,26848,4.400033503770828e-06,586,-2.182657926102503,-3136,10.25842329080798
data.114,Simulated Annealing,random,30471,27473,0.340122000023257,10000,10000,"T0=1000.0, alpha=0.995",316,114123,41 495 258 342 51 301 16 268 139 80 283 102 245 216 360 110 128 322 159 404 359 32 204 237 455 111 443 465 178 70 281 242 499 20 325 92 428 288 118 174 218 43 247 445 87 481 275 314 442 154 197 456 238 459 48 56 427 113 292 12 270 1 45 25 436 253 117 195 309 213 171 387 254 212 476 310 78 365 434 386 372 272 347 231 175 451 368 210 200 497 182 458 382 384 425 484 364 166 392 379 33 331 177 429 329 81 472 462 185 403 14 336 358 257 356 295 376 127 486 461 236 374 4 383 302 26 385 135 279 491 475 353 46 42 162 9 168 28 410 84 96 381 7 170 17 464 469 116 340 97 390 483 10 184 303 181 240 266 122 22 300 324 130 256 454 500 2 85 312 418 335 148 401 220 430 316 107 224 397 480 498 479 61 165 395 191 350 93 169 313 233 323 63 308 129 24 348 88 394 277 60 15 39 72 86 457 435 370 44 261 389 66 31 105 286 415 52 186 147 375 157 19 189 143 373 79 234 227 413 393 307 40 332 18 460 68 119 474 293 414 246 120 305 222 306 260 11 482 226 354 424 355 235 444 432 285 490 493 411 263 287 315 223 29 290 485 30 251 341 265 333 408 241 140 201 124 167 380 172 437 141 62 259 150 378 164 320 202 416 47 317 100 176 291 426 405 399 396 400 13 64 471 205 431 57 467 71 391 318 59 77 330 65 232 252 180 407 269 106 452 123 446 50 343 95 409 112 69 298 473 142 125 488 450 3 438 58 121 423 131 406 230 179 145 146 439 440 109 280 255 89 271 114 419 289 138 21 76 244 357 49 133 239 90 163 274 417 412 369 478 294 149 352 388 104 94 477 103 209 83 55 214 228 337 489 496 144 132 137 27 321 421 198 225 91 37 487 278 282 82 158 447 492 339 6 221 433 346 229 161 134 311 361 187 441 326 463 199 448 363 152 351 327 468 334 151 276 193 344 267 297 203 398 422 155 136 108 126 54 319 98 190 299 349 67 243 207 215 188 5 494 192 160 338 8 217 470 73 371 296 453 53 196 248 194 466 219 74 249 35 75 273 366 38 264 402 206 328 211 362 183 156 420 153 304 36 250 34 449 345 208 284 377 101 173 115 262 99 23 367,500,20,27055,27055,4.00003045797348e-06,418,-1.5450009240436149,-2998,9.83886318138558
data.114,Tabu Search,random,30471,27368,0.5026938000228256,500,20000,"tenure=15, cand=40",,114123,73 67 446 198 348 330 23 200 309 483 295 294 443 423 216 194 407 389 312 347 467 279 10 162 166 14 103 461 405 58 86 110 6 262 366 158 113 4 271 278 156 394 396 376 435 344 75 245 223 432 491 185 9 108 355 342 273 157 151 140 161 178 150 498 418 416 415 442 457 240 402 343 367 74 143 325 78 5 332 485 356 32 319 381 39 340 391 314 117 438 88 479 329 71 11 55 26 324 392 441 425 481 303 372 264 18 7 226 129 458 431 97 133 272 234 12 115 465 33 231 411 277 22 254 297 149 336 244 313 316 289 249 197 118 16 64 20 99 263 40 406 380 109 120 284 301 76 369 261 172 128 494 341 79 95 93 368 327 496 90 1 469 233 371 165 111 447 98 208 250 410 134 191 464 258 171 379 220 255 232 155 354 210 52 492 323 213 205 179 488 412 182 430 452 476 434 195 65 238 215 296 276 359 177 237 8 317 417 388 241 89 484 60 265 139 144 362 384 147 459 70 228 25 283 455 439 43 269 326 310 51 281 126 54 408 243 413 184 48 30 181 471 360 169 106 59 395 353 27 175 107 80 482 460 85 148 383 49 41 218 159 137 193 127 286 328 401 462 339 69 305 363 293 123 334 125 176 68 13 386 414 3 28 422 298 374 302 335 400 489 202 320 331 287 252 46 56 83 19 131 478 168 224 453 124 130 449 36 154 141 275 378 308 170 66 203 35 204 17 146 357 373 45 152 291 444 299 493 77 375 227 96 421 358 81 475 142 253 136 91 470 456 436 37 322 247 257 236 472 260 235 419 207 24 270 53 114 50 63 138 229 34 102 315 92 82 38 201 282 164 121 288 29 187 361 292 474 267 365 230 440 104 21 285 87 174 306 404 212 2 242 304 145 426 239 186 221 280 486 209 135 466 450 345 495 290 196 338 153 62 94 246 382 180 427 352 463 211 132 337 72 307 222 351 167 445 112 183 214 448 429 225 116 349 409 311 454 44 500 31 217 433 424 189 163 101 42 119 57 428 100 451 47 268 490 477 333 190 403 390 173 468 300 318 321 199 61 497 377 480 393 259 499 399 84 251 385 346 188 256 364 105 219 387 370 437 122 274 206 248 15 266 398 350 420 397 160 192 473 487,500,20,27055,27055,4.00003045797348e-06,313,-1.1569026058029939,-3103,10.18345311935939
data.114,Simulated Annealing,random,30312,27571,0.31671669997740537,10000,10000,"T0=1000.0, alpha=0.995",316,114124,447 405 197 468 423 110 495 257 148 402 315 383 301 294 118 406 169 174 54 238 212 99 280 472 416 340 336 75 342 216 481 50 480 375 445 379 74 246 185 463 230 462 305 434 364 386 409 395 407 154 368 71 106 374 351 102 109 67 224 299 381 162 198 357 433 372 66 157 126 213 91 306 408 400 13 281 241 23 98 348 258 469 19 412 76 22 200 193 27 486 264 160 88 199 326 80 61 81 37 293 170 58 165 399 254 73 11 29 184 424 180 298 12 310 451 6 8 339 376 392 391 431 436 144 214 3 161 335 204 36 100 166 113 136 221 7 4 130 425 289 353 442 172 324 206 86 483 297 83 52 202 471 420 369 273 263 17 268 498 313 302 285 440 490 28 205 304 175 282 449 187 2 14 142 38 93 290 253 491 195 182 234 39 366 164 270 235 265 352 131 344 320 446 329 49 385 499 367 435 332 201 152 411 419 101 474 97 373 115 59 239 123 457 308 143 413 132 484 211 96 70 176 331 444 228 432 121 415 125 225 56 173 53 396 439 9 247 242 317 278 137 454 240 147 60 119 226 94 1 260 363 33 346 272 398 48 314 438 153 312 387 208 267 482 450 485 210 452 25 41 15 45 371 380 323 404 103 35 321 188 354 44 5 422 269 232 459 309 236 250 68 140 478 40 231 135 393 179 227 95 284 359 189 365 426 325 255 443 139 397 256 456 292 219 476 43 69 460 473 217 316 151 223 30 274 390 10 303 65 437 248 455 338 89 84 467 487 72 108 145 85 233 355 78 79 464 26 360 150 104 196 261 124 51 129 461 186 349 191 229 470 319 168 428 114 18 158 479 496 192 295 134 448 87 453 237 378 42 178 361 384 90 296 271 47 92 252 377 203 337 251 245 427 218 283 347 489 493 300 318 441 311 171 370 288 382 330 149 31 32 322 279 277 112 497 341 307 249 222 177 116 24 138 244 209 418 220 156 286 388 477 259 458 207 120 77 63 262 343 276 167 500 194 275 20 345 494 287 358 429 55 266 334 362 117 465 475 127 183 146 421 414 403 111 333 181 243 410 356 350 327 82 141 57 417 190 16 430 107 64 401 163 46 21 488 155 328 62 394 122 128 159 105 133 466 215 492 34 389 291,500,20,27055,27055,4.00003045797348e-06,516,-1.9072260210681944,-2741,9.04262338347849
data.114,Tabu Search,random,30312,27448,0.4974777000024915,500,20000,"tenure=15, cand=40",,114124,172 326 148 481 443 26 408 404 30 394 479 211 442 424 55 21 136 127 237 210 116 225 173 359 340 129 367 85 330 141 151 284 128 470 445 436 14 355 425 193 256 280 308 230 32 289 315 11 363 51 395 454 344 34 84 130 490 416 27 430 305 206 117 86 217 89 464 348 43 223 411 166 461 131 147 283 375 485 163 33 314 199 270 142 373 240 290 420 366 336 441 297 54 41 105 369 312 123 224 300 162 158 353 24 258 231 381 118 149 204 180 255 78 327 383 1 176 15 76 417 347 47 434 110 456 410 251 9 4 214 335 170 242 412 196 279 261 212 498 489 194 462 99 77 388 63 483 205 401 181 226 257 278 111 354 468 143 453 407 472 371 198 338 58 246 475 244 60 276 343 286 171 87 303 247 319 285 460 28 213 159 10 49 298 496 45 209 378 379 72 71 313 66 390 382 474 457 323 402 467 37 12 399 48 435 44 380 484 216 386 449 448 100 59 431 295 428 208 29 190 185 18 153 132 409 263 272 19 397 265 175 322 155 374 252 253 69 350 234 228 64 306 184 414 248 320 61 368 121 495 331 332 487 421 494 274 488 25 310 466 273 187 219 103 477 275 482 40 391 164 471 302 342 497 356 293 316 361 179 309 292 125 182 191 135 20 207 239 372 134 96 423 94 440 79 360 75 31 93 160 8 178 427 65 109 455 387 480 296 146 418 97 68 22 168 465 415 328 304 144 392 73 268 150 13 92 195 245 5 222 405 202 88 90 307 288 458 451 396 220 36 452 169 46 398 83 157 138 120 101 81 429 403 259 318 80 357 491 52 422 56 229 334 241 114 16 122 23 189 269 200 197 140 108 400 82 215 426 492 499 203 6 165 271 352 57 299 186 447 161 39 7 333 337 50 277 145 281 156 459 238 126 282 450 104 250 42 446 133 192 17 301 264 3 53 433 389 324 113 493 321 107 235 119 218 70 341 188 152 294 260 376 254 266 486 317 2 385 287 469 473 346 154 419 329 91 432 362 74 478 221 177 112 35 358 325 106 393 38 438 476 124 351 115 236 98 291 311 174 439 349 413 364 384 183 137 233 139 365 249 377 167 463 102 437 406 62 339 201 370 227 267 500 345 95 444 67 232 262 243,500,20,27055,27055,4.00003045797348e-06,393,-1.4525965625577528,-2864,9.448403272631301
data.114,Simulated Annealing,random,30791,27571,0.3155792999896221,10000,10000,"T0=1000.0, alpha=0.995",306,114125,174 332 172 116 72 234 210 54 7 298 206 96 491 1 162 458 424 303 300 289 127 306 381 185 257 213 320 135 75 176 444 471 267 383 389 268 147 15 180 164 405 177 412 230 76 48 228 363 240 431 80 301 227 443 242 330 120 325 201 153 2 171 451 368 371 347 94 131 341 151 45 205 38 238 182 321 143 114 469 500 359 294 310 489 226 490 388 408 279 327 197 118 260 117 326 418 71 142 481 231 446 442 448 149 83 449 258 322 39 437 357 49 199 393 107 223 283 250 361 110 165 23 47 136 428 380 374 235 466 498 35 375 296 248 419 312 31 184 338 8 497 483 22 288 270 434 163 74 209 212 421 30 33 65 152 269 410 139 155 313 387 404 420 40 252 224 95 179 217 315 36 372 193 282 450 11 121 425 473 170 104 414 351 275 280 190 191 59 493 122 331 203 292 354 370 396 453 202 284 394 175 112 167 459 369 366 286 478 44 43 328 293 55 97 220 433 105 340 353 376 63 319 79 277 373 195 447 124 10 78 316 18 186 4 204 399 216 236 58 398 297 86 222 406 82 362 229 148 346 308 273 66 468 255 61 70 51 430 440 265 472 144 60 422 343 482 454 157 386 108 259 436 485 237 115 181 125 12 215 465 358 350 476 19 416 479 194 364 460 281 413 37 20 295 56 145 456 302 91 130 486 101 290 488 263 132 208 427 93 239 129 133 457 150 499 415 134 496 214 299 6 261 90 309 100 211 274 266 169 126 166 168 123 271 198 138 233 356 102 73 349 254 285 439 178 333 355 241 64 41 232 28 411 14 324 146 452 384 156 494 305 77 417 400 438 392 187 21 200 247 29 360 335 192 52 455 109 27 276 484 426 487 219 42 342 140 218 391 244 84 339 314 470 365 477 92 377 435 432 334 287 81 26 467 188 154 9 395 441 352 50 89 225 318 16 128 379 378 311 57 409 53 161 264 68 464 402 474 221 291 245 67 463 304 262 475 111 249 337 46 183 160 85 17 98 113 189 278 13 87 99 196 34 159 272 5 246 480 119 462 106 407 173 345 256 401 385 25 348 382 397 429 307 141 32 243 317 137 24 495 69 207 367 158 336 88 323 445 253 461 403 492 329 344 62 251 103 390 3 423,500,20,27055,27055,4.00003045797348e-06,516,-1.9072260210681944,-3220,10.457601247117664
data.114,Tabu Search,random,30791,27400,0.48181209998438135,500,20000,"tenure=15, cand=40",,114125,223 283 133 139 131 107 446 118 38 363 336 378 482 128 111 167 244 391 194 127 197 125 474 41 117 238 344 412 231 409 135 381 320 308 30 413 123 356 166 406 387 404 351 340 343 278 330 448 272 297 203 408 305 8 105 475 416 456 251 214 200 374 72 165 442 151 298 384 35 88 310 195 325 148 149 154 457 21 182 484 396 364 199 304 270 436 481 493 109 9 302 331 292 170 295 423 366 372 1 335 488 222 420 187 152 77 265 13 212 249 234 142 160 359 301 376 120 321 258 93 171 34 393 95 470 350 256 185 45 169 138 417 349 5 4 47 60 494 329 319 360 263 226 303 362 184 204 193 323 421 40 371 129 454 427 373 198 483 430 447 56 252 27 2 326 63 78 220 150 232 246 12 439 419 332 339 50 499 192 395 477 240 32 7 31 96 403 177 48 463 224 425 10 314 498 79 289 347 25 451 11 121 375 486 431 26 191 333 268 261 18 208 290 424 37 473 172 70 418 380 90 358 453 233 190 94 23 426 479 399 236 227 44 241 428 55 306 248 348 20 478 476 271 80 188 312 58 66 210 285 282 178 153 311 293 459 497 496 370 140 98 67 202 157 316 16 317 472 327 179 68 485 43 429 33 189 97 462 489 124 24 17 307 174 328 487 315 352 161 61 466 64 341 110 28 130 143 115 76 368 324 467 383 216 260 243 164 492 36 196 92 206 500 491 422 136 480 102 245 225 205 113 53 162 441 277 355 455 6 57 54 435 147 445 274 52 405 386 155 267 71 443 103 215 132 388 402 322 119 414 394 296 86 294 163 19 213 186 158 242 438 461 398 65 49 99 89 156 379 145 84 411 22 104 354 490 338 357 313 116 144 46 471 300 342 400 281 264 369 382 262 397 219 183 365 353 385 259 367 288 440 389 201 495 217 434 159 59 280 269 83 273 82 221 101 106 452 345 444 390 75 239 254 450 81 137 85 146 465 3 460 209 69 410 247 141 168 291 392 126 279 437 211 346 432 122 458 433 181 74 207 15 415 230 173 469 253 275 266 87 228 73 176 100 449 39 237 51 299 14 309 229 235 337 134 180 377 334 468 464 29 407 108 361 218 276 257 287 284 175 91 62 250 42 401 286 255 112 114 318,500,20,27055,27055,4.00003045797348e-06,345,-1.2751801885048974,-3391,11.012958331980125
data.115,Simulated Annealing,random,30639,27411,0.30708030000096187,10000,10000,"T0=1000.0, alpha=0.995",276,115123,440 354 55 374 196 331 183 160 298 255 469 362 327 103 500 483 378 210 364 197 2 57 348 205 114 330 333 61 98 85 310 473 423 24 34 107 185 484 492 194 307 315 208 30 446 206 272 33 424 268 120 233 110 293 240 1 132 334 426 20 379 461 412 345 207 387 433 36 225 410 80 294 144 289 336 475 376 313 405 43 192 339 139 223 369 350 258 28 239 38 246 281 346 189 65 332 10 301 311 382 314 486 39 385 427 266 359 59 340 250 242 16 449 276 318 267 95 434 186 480 458 87 432 439 200 161 143 465 490 3 178 220 338 199 273 236 211 101 253 150 411 365 66 27 323 108 209 44 287 177 22 169 244 157 256 54 261 13 67 138 105 117 176 463 361 474 156 399 304 122 88 285 389 435 235 91 395 282 93 84 131 485 99 8 180 453 305 397 274 457 63 418 371 166 128 195 448 229 443 12 299 247 296 368 115 118 249 456 344 47 252 470 124 151 390 356 204 450 481 263 97 414 355 280 320 358 402 136 459 173 300 319 467 428 142 121 491 271 367 168 464 373 254 396 288 357 181 140 322 482 53 451 26 6 391 224 497 35 89 328 421 137 257 312 303 372 109 393 380 377 18 102 17 203 286 41 90 347 495 94 366 292 71 81 135 172 455 479 352 51 74 499 431 353 126 58 245 317 316 64 408 416 106 227 216 232 335 222 370 163 219 14 494 248 145 243 60 218 269 422 113 400 100 386 264 290 70 212 11 363 438 202 49 341 441 454 375 69 40 170 159 384 46 152 73 214 79 86 302 407 409 164 251 226 123 21 83 116 444 308 9 342 349 82 231 278 326 413 487 472 321 237 153 42 447 260 442 7 329 215 462 477 23 96 437 141 149 415 171 130 265 324 155 77 217 4 187 127 309 198 466 191 460 476 133 325 394 75 306 429 228 119 381 259 213 284 337 262 175 403 496 445 471 32 478 392 234 270 179 174 112 25 420 430 52 275 76 360 383 343 404 48 297 111 238 129 147 125 162 188 291 221 436 283 493 417 19 277 56 190 398 158 31 146 78 452 62 134 468 15 406 104 148 193 37 45 388 425 29 351 401 498 295 182 488 5 279 230 165 68 154 489 50 184 201 92 167 72 419 241,500,20,26727,26727,3.999972250312567e-06,684,-2.559209787854978,-3228,10.535591892685792
data.115,Tabu Search,random,30639,27337,0.5029528000159189,500,20000,"tenure=15, cand=40",,115123,424 333 316 472 162 81 464 197 80 67 367 3 114 298 213 423 483 237 265 426 410 90 93 145 350 137 44 143 262 403 100 448 130 191 211 318 206 494 220 491 271 260 465 437 152 324 118 245 480 189 473 89 19 274 171 246 92 390 164 440 349 270 443 53 217 266 309 492 314 18 475 441 264 364 394 41 61 479 160 499 52 150 177 338 411 49 25 255 331 323 190 386 1 360 84 257 361 223 231 430 285 366 370 149 344 393 209 203 294 243 115 6 20 372 37 485 339 292 418 163 22 405 75 248 110 305 327 369 402 482 85 77 167 378 451 276 107 488 124 108 397 420 66 42 356 138 73 142 13 240 178 496 133 74 486 159 226 283 442 385 280 36 474 109 170 268 478 24 300 439 251 234 421 58 57 409 362 34 273 113 128 62 299 48 156 172 105 429 374 140 387 490 9 291 427 395 210 319 408 87 196 489 131 392 293 459 450 47 296 445 258 168 126 368 416 117 51 116 317 261 404 63 457 102 359 235 277 97 125 289 2 176 295 284 65 144 207 166 417 96 30 422 120 70 46 377 326 148 434 188 32 407 332 357 297 413 401 193 180 232 104 346 325 343 267 345 83 68 175 28 322 467 31 365 158 335 495 414 396 227 91 173 249 453 161 384 311 17 8 174 354 225 103 157 212 121 59 182 79 218 216 112 229 358 38 269 456 183 192 151 224 7 290 415 40 341 406 484 119 428 106 337 98 435 353 60 363 454 201 69 208 281 500 400 129 253 43 438 463 431 123 263 26 134 250 446 153 498 195 342 72 233 256 154 452 86 101 27 321 468 388 230 242 78 307 21 460 278 481 139 399 228 194 136 135 340 239 315 458 303 29 155 351 469 308 287 14 444 219 214 50 259 334 282 23 88 187 432 352 455 371 391 141 412 204 238 184 493 11 433 379 200 244 447 436 35 16 462 476 304 39 275 449 185 5 419 336 64 313 215 99 461 82 477 389 348 76 12 221 347 127 376 179 56 132 425 241 205 54 247 94 330 146 288 306 383 380 111 186 320 4 301 181 466 55 286 169 165 236 471 312 381 302 147 254 198 310 382 375 279 470 202 10 95 122 71 329 398 373 355 15 33 487 199 272 328 252 497 45 222,500,20,26727,26727,3.999972250312567e-06,610,-2.2823362143151122,-3302,10.777114135578838
data.115,Simulated Annealing,random,30572,27395,0.3258275999687612,10000,10000,"T0=1000.0, alpha=0.995",296,115124,440 211 493 399 28 448 311 36 51 314 248 300 415 182 59 378 492 89 447 327 98 384 134 496 138 208 392 77 340 312 246 206 297 362 482 291 231 4 383 276 31 333 54 343 45 381 81 110 216 165 320 441 203 20 191 170 8 131 34 454 257 173 299 304 292 129 426 345 105 359 389 128 397 46 174 156 382 111 367 472 124 149 30 350 258 331 14 346 207 137 63 476 403 115 196 477 287 318 485 468 398 188 288 439 458 442 187 372 317 307 213 313 387 394 118 428 154 168 254 121 422 135 108 411 112 322 460 61 296 114 130 326 42 409 178 364 480 366 262 358 37 410 429 78 11 435 84 283 212 82 338 293 298 142 467 308 229 226 56 210 44 357 25 5 386 285 217 354 284 266 233 101 309 272 302 177 391 425 434 123 281 379 374 278 356 412 479 250 100 349 172 87 470 143 321 417 310 73 198 497 106 368 119 395 72 227 171 163 1 38 215 176 57 413 109 363 183 456 351 371 500 341 324 93 224 136 221 486 7 200 390 396 400 487 457 148 153 50 271 489 466 80 88 408 306 103 102 68 179 424 83 461 3 282 10 431 337 185 195 332 251 427 450 144 469 166 66 247 116 344 164 406 159 432 43 330 225 125 471 243 407 139 360 6 280 40 64 373 55 385 22 167 160 419 319 214 474 95 228 418 334 465 120 17 264 99 305 377 491 197 223 256 253 348 443 290 339 259 483 222 202 421 352 488 380 140 295 369 19 132 316 494 70 23 463 205 438 13 184 239 201 255 218 240 204 192 237 289 62 437 303 401 455 232 353 499 263 459 194 39 141 65 60 265 236 323 267 155 52 33 402 162 157 29 113 244 107 375 127 355 48 475 122 90 235 414 151 274 76 430 21 464 145 86 147 15 277 449 445 361 169 126 452 2 484 181 433 446 12 49 268 234 9 342 275 71 270 328 376 199 67 444 18 336 26 91 189 117 41 58 193 75 423 133 481 273 301 495 241 329 420 490 16 462 175 92 79 416 365 230 27 209 242 388 47 161 279 186 85 150 53 294 180 104 245 152 347 498 249 74 370 286 436 97 404 94 451 405 35 158 453 238 146 261 315 24 32 473 190 260 220 478 96 219 335 325 69 252 269 393,500,20,26727,26727,3.999972250312567e-06,668,-2.499345231413926,-3177,10.391861834358236
data.115,Tabu Search,random,30572,27380,0.49740220000967383,500,20000,"tenure=15, cand=40",,115124,491 213 177 420 41 100 93 64 311 63 102 399 143 474 148 330 419 9 293 320 247 197 274 289 206 494 305 80 341 255 443 246 239 263 253 160 74 465 165 439 95 447 466 325 470 400 322 118 386 335 157 136 395 154 332 50 415 233 499 122 49 175 366 147 339 295 402 416 241 4 393 445 237 423 435 412 217 288 222 475 268 168 88 72 254 130 163 127 301 272 296 396 394 113 101 413 150 373 219 224 352 114 496 298 471 476 2 207 271 404 336 406 309 240 392 89 131 85 292 144 340 76 109 1 410 167 234 283 328 297 36 46 361 281 455 257 173 32 391 498 111 51 369 187 429 353 59 186 346 166 120 179 317 226 360 62 446 227 370 355 75 106 372 161 183 78 151 110 469 456 86 5 84 184 338 34 495 464 79 199 11 229 214 39 17 486 276 284 472 218 337 139 473 135 10 123 60 390 279 347 417 97 374 215 458 23 307 378 269 479 176 242 99 107 146 327 47 140 424 56 349 220 43 149 18 164 334 485 463 324 250 331 7 3 195 383 323 68 500 103 371 204 24 259 457 155 318 198 367 251 359 209 223 178 235 115 411 25 58 260 459 91 299 202 221 55 142 321 450 362 126 8 363 66 28 205 27 294 119 98 33 238 433 13 442 22 306 26 441 287 231 208 487 116 12 356 67 454 94 354 282 379 290 343 480 300 37 492 121 440 138 380 188 326 20 314 357 256 265 264 14 236 451 270 216 117 266 286 171 427 387 189 162 174 141 452 381 82 280 483 382 377 52 243 225 482 137 70 333 313 158 365 169 403 16 401 193 409 258 196 329 105 285 304 153 192 358 316 65 478 73 38 273 42 194 156 319 431 145 191 398 389 422 364 244 128 248 267 477 384 426 275 170 278 132 448 432 210 497 83 129 185 467 468 6 342 249 261 21 61 211 31 345 212 190 124 232 44 438 203 53 434 437 90 375 35 230 490 408 87 414 425 460 96 405 57 350 489 303 30 348 291 245 368 397 108 312 430 104 159 385 152 436 133 19 310 228 172 92 449 308 15 181 344 428 462 54 48 444 418 252 262 407 421 302 134 453 45 376 81 461 315 180 182 77 351 488 125 388 277 40 69 29 112 484 200 201 481 493 71,500,20,26727,26727,3.999972250312567e-06,653,-2.4432222097504397,-3192,10.440926337825461
data.115,Simulated Annealing,random,30304,27321,0.31974529998842627,10000,10000,"T0=1000.0, alpha=0.995",292,115125,412 440 476 122 438 143 102 81 211 346 257 399 58 1 189 253 111 339 296 359 79 22 176 174 490 447 355 106 293 475 25 43 430 496 320 498 281 90 126 277 374 330 480 361 266 175 289 357 3 16 138 8 199 5 297 377 333 157 78 144 426 318 104 153 261 458 441 328 18 240 425 67 61 212 33 472 200 34 206 362 349 245 255 178 462 107 311 263 64 114 469 136 354 280 395 387 325 464 4 299 93 63 467 193 344 233 21 300 463 183 454 137 484 477 483 135 130 271 38 465 115 244 123 84 305 27 423 326 80 188 429 394 117 368 2 168 249 131 127 448 310 316 66 409 356 47 329 59 392 226 358 73 151 343 205 309 224 243 450 350 128 124 120 76 405 275 242 87 272 132 456 161 459 110 46 327 302 267 186 96 11 270 229 360 474 190 89 17 291 331 383 207 231 308 214 14 7 248 421 313 337 373 390 247 292 223 192 230 401 372 455 365 198 417 493 432 422 478 204 145 134 125 345 367 298 172 386 164 201 31 283 82 86 444 194 487 85 273 471 315 276 95 6 382 314 494 30 163 91 482 388 162 295 400 187 411 148 202 250 237 155 452 221 269 45 142 384 165 77 83 173 334 460 149 381 49 259 473 251 28 301 335 500 36 182 140 116 210 439 322 352 364 336 436 65 406 57 307 50 304 486 180 428 203 213 100 306 378 274 35 40 37 433 167 23 287 119 179 166 75 41 435 353 391 133 321 146 235 74 118 254 286 265 129 481 20 52 437 160 218 225 468 324 418 239 499 94 101 55 217 191 284 236 319 68 398 44 451 121 449 282 139 370 105 485 366 397 497 208 60 434 246 215 402 12 351 232 171 70 285 238 112 39 410 424 32 219 156 376 150 48 338 170 72 56 445 158 457 9 495 147 113 375 393 420 379 92 407 342 264 19 260 317 294 278 385 491 303 258 169 442 380 216 415 290 427 404 103 414 461 51 347 479 446 268 489 54 279 13 288 97 181 413 69 10 443 470 195 389 209 29 408 396 256 453 323 340 363 159 222 416 492 252 196 431 152 15 42 197 241 403 371 262 419 227 312 228 332 109 98 24 154 488 99 369 185 53 26 234 184 141 177 62 341 108 88 466 220 71 348,500,20,26727,26727,3.999972250312567e-06,594,-2.2224716578740598,-2983,9.84358500527983
data.115,Tabu Search,random,30304,27393,0.5014139999984764,500,20000,"tenure=15, cand=40",,115125,157 151 327 197 229 67 280 469 475 362 336 128 84 283 196 132 4 183 402 143 239 424 253 169 466 145 95 440 199 313 193 43 447 208 445 202 285 374 24 80 423 226 304 236 431 477 355 463 198 8 206 205 178 387 493 318 435 377 449 483 30 79 479 217 64 40 368 225 472 93 390 339 274 383 456 120 428 395 337 112 98 366 359 400 382 316 135 210 345 263 118 338 117 426 240 314 73 168 66 173 111 415 334 5 329 10 333 139 65 51 344 361 346 55 482 114 232 457 187 392 381 297 53 470 498 444 491 189 6 433 413 330 293 393 418 72 331 107 104 63 497 39 127 3 31 82 471 403 489 388 496 148 335 453 286 300 354 302 264 122 371 396 54 130 29 353 37 14 303 50 162 28 332 96 434 350 425 394 89 454 373 241 144 161 427 450 110 360 417 78 156 279 480 306 308 309 102 38 192 325 474 342 267 12 248 137 324 419 266 370 194 58 311 212 492 317 294 18 281 141 228 282 375 20 131 404 391 191 247 246 124 462 484 490 315 165 207 386 257 461 75 62 172 485 265 405 21 59 448 87 171 36 179 181 85 2 138 478 86 235 276 299 487 88 455 163 7 44 83 357 430 420 277 211 410 101 367 401 409 74 218 268 305 407 429 231 358 376 260 147 17 154 123 269 234 34 259 153 270 223 214 97 237 170 164 499 488 468 251 348 174 216 47 242 459 411 441 76 201 256 438 271 378 68 421 397 262 121 125 203 41 252 160 103 13 238 158 16 15 219 289 340 296 500 142 408 364 244 451 224 108 81 319 284 467 412 35 290 45 60 209 19 254 32 321 322 416 167 326 352 288 149 307 323 94 380 176 49 298 23 443 486 249 442 136 369 295 379 1 25 188 245 347 140 458 292 473 61 460 301 414 52 99 328 100 92 115 233 272 77 71 310 465 27 177 46 155 220 106 363 356 221 109 495 261 33 186 22 91 343 185 113 476 250 230 481 190 180 215 273 159 384 243 200 105 175 146 436 291 9 11 134 464 119 129 494 446 126 452 227 258 204 275 150 399 320 372 42 48 422 312 195 349 255 439 406 166 437 70 222 90 213 184 287 182 398 389 57 56 365 385 26 351 69 152 116 278 133 341 432,500,20,26727,26727,3.999972250312567e-06,666,-2.4918621618587946,-2911,9.605992608236537
data.116,Simulated Annealing,random,30938,27548,0.3133600000292063,10000,10000,"T0=1000.0, alpha=0.995",291,116123,235 43 313 140 24 264 283 156 382 268 173 59 365 90 136 318 164 371 320 352 393 487 39 101 346 104 280 498 11 87 400 476 138 38 200 374 218 92 127 168 261 40 428 424 232 28 73 47 369 362 213 435 180 385 150 116 454 274 278 225 451 250 355 464 375 216 345 288 174 192 236 117 234 121 425 335 388 391 330 354 269 271 61 94 432 26 199 420 263 479 247 17 471 41 187 212 494 176 337 86 120 113 32 441 135 190 422 249 472 455 201 495 291 401 390 293 259 273 157 319 408 300 215 468 387 285 74 89 10 417 437 324 446 93 297 35 359 430 253 203 62 290 4 124 58 84 245 358 36 448 179 3 243 397 19 490 457 453 348 416 456 434 275 147 373 246 344 475 202 421 195 20 477 367 496 23 242 109 208 329 206 102 25 265 141 158 21 142 301 149 439 350 54 342 220 341 279 252 376 170 460 57 377 217 111 51 386 415 70 100 480 29 66 332 204 427 353 466 197 356 119 14 214 295 292 470 34 488 75 482 161 63 333 312 82 321 79 137 193 85 287 347 30 339 115 106 143 317 209 144 107 13 151 105 260 349 37 133 178 262 198 96 459 257 188 155 241 364 336 431 154 267 331 489 171 282 98 2 461 139 395 118 126 340 481 277 302 231 175 95 392 492 81 183 80 445 469 381 404 465 284 406 27 50 378 474 125 239 473 499 172 45 384 46 49 131 159 230 450 383 64 396 110 452 478 237 402 44 447 152 444 16 123 114 276 485 325 240 33 65 270 357 493 224 361 88 311 413 162 207 307 306 334 134 22 122 429 442 338 185 182 410 1 177 483 316 160 370 462 56 108 458 91 130 18 132 194 500 244 181 398 380 68 72 299 298 31 103 309 368 191 363 169 76 83 167 146 315 8 411 418 226 145 419 308 256 379 412 449 77 221 53 148 254 15 258 251 153 360 310 443 166 351 289 304 296 99 303 129 255 223 426 128 294 238 423 205 184 186 52 12 7 189 405 409 69 305 219 222 467 248 228 497 272 372 327 314 266 366 414 281 407 323 229 211 165 436 403 42 322 326 389 394 6 233 78 484 55 463 440 163 486 48 97 196 67 5 286 227 60 328 438 71 210 399 343 433 112 9 491,500,20,26992,26992,2.800021320581436e-06,556,-2.0598695909899227,-3390,10.95739866830435
data.116,Tabu Search,random,30938,27529,0.48723420000169426,500,20000,"tenure=15, cand=40",,116123,456 169 154 312 220 137 369 257 105 328 203 277 350 41 89 25 412 316 3 285 95 235 451 119 424 292 459 24 477 108 380 434 164 355 362 158 449 114 7 491 184 39 202 20 290 314 408 180 148 300 225 221 133 354 475 331 157 236 364 365 229 28 75 356 273 234 306 484 479 65 421 98 288 367 81 427 67 372 156 393 52 261 291 237 297 441 371 268 183 487 308 352 117 319 17 413 62 409 43 445 258 439 293 260 59 287 386 124 131 213 208 403 345 188 109 64 252 31 175 471 18 185 49 170 332 80 383 217 438 415 382 256 21 281 368 253 404 272 499 143 275 452 389 311 342 400 126 416 373 230 212 391 242 387 77 179 115 346 219 128 262 57 446 361 407 334 411 388 206 463 498 33 385 192 222 431 100 144 402 349 317 104 370 320 490 122 196 195 99 376 205 359 442 395 10 467 163 241 78 341 426 233 142 66 321 171 454 106 335 488 270 15 307 240 493 34 480 466 12 419 50 500 410 51 82 378 23 134 91 329 430 245 443 92 384 339 26 381 489 90 250 218 267 63 358 159 251 189 73 323 482 155 432 147 193 27 496 455 227 94 207 127 377 141 303 495 86 282 69 278 460 46 210 366 469 324 483 226 138 118 83 22 405 103 187 35 239 181 19 264 130 310 191 447 418 497 166 374 344 146 351 440 165 263 182 476 478 305 450 375 145 271 468 199 465 363 298 177 347 302 246 304 112 13 47 8 152 48 474 173 160 85 379 215 330 197 453 259 231 209 301 294 149 464 151 79 198 136 398 325 269 279 88 216 110 494 167 16 429 280 113 313 435 55 247 97 76 116 186 228 172 53 274 428 276 93 401 406 399 315 244 394 248 492 140 397 125 87 139 423 2 420 357 40 353 318 224 168 200 135 37 29 176 214 11 58 295 486 337 343 265 284 111 249 162 470 472 238 414 283 101 457 190 54 326 30 153 243 123 425 150 84 4 448 338 38 396 462 473 102 107 1 201 42 266 309 296 96 336 72 392 56 74 299 461 436 333 161 121 255 194 417 348 174 289 9 178 32 68 322 129 36 45 211 340 120 360 232 70 132 481 223 6 327 437 71 444 5 422 44 14 60 204 433 390 458 254 286 485 61,500,20,26992,26992,2.800021320581436e-06,537,-1.9894783639596918,-3409,11.018811817182753
data.116,Simulated Annealing,random,30352,27590,0.3203900000080466,10000,10000,"T0=1000.0, alpha=0.995",304,116124,130 196 105 365 127 95 476 75 309 420 442 140 57 252 348 370 443 285 235 45 38 332 39 306 207 373 385 499 251 372 77 490 133 471 275 187 51 123 231 386 59 107 18 369 362 478 482 494 387 12 4 466 432 428 243 429 49 142 156 73 208 419 48 157 479 29 144 47 225 290 415 498 267 224 312 368 468 175 380 421 109 15 82 9 185 7 311 351 68 220 178 266 357 89 81 363 66 154 72 334 354 349 52 270 161 189 257 447 131 117 409 19 417 193 65 214 454 335 431 463 263 163 435 138 22 148 37 24 173 282 43 397 271 232 276 241 272 410 396 206 216 155 229 297 460 27 186 84 319 80 209 136 464 342 174 283 486 36 233 389 150 340 284 26 103 54 321 88 422 480 412 353 16 331 204 239 390 474 222 316 395 171 134 264 139 343 147 293 238 301 439 179 74 405 177 453 329 159 46 277 192 67 119 25 165 98 339 413 280 452 320 33 10 388 302 223 371 423 199 101 451 180 402 125 424 104 269 307 152 258 383 8 42 217 475 449 406 91 242 265 202 69 145 83 244 288 100 298 181 425 346 289 237 219 110 281 268 356 445 378 162 113 20 99 218 169 261 245 450 323 322 234 336 379 76 418 287 333 337 341 28 278 90 250 459 345 168 305 360 2 473 240 167 255 132 203 481 487 226 470 347 488 111 256 124 295 128 129 92 121 313 13 426 359 118 32 41 21 23 496 457 326 164 53 253 58 484 427 273 1 31 500 106 292 489 300 303 393 408 493 221 60 3 86 391 350 194 259 64 40 401 247 120 338 96 172 286 14 467 35 183 198 44 227 495 375 248 236 70 146 143 315 197 344 135 308 160 93 448 201 469 367 262 355 191 205 472 11 441 212 446 5 30 126 210 434 361 279 34 492 358 497 112 403 352 78 166 137 151 122 274 63 325 483 399 85 462 376 304 330 116 230 299 184 228 444 433 176 114 384 366 213 456 414 437 318 97 364 404 17 392 440 465 55 249 102 115 195 108 398 188 327 254 491 149 394 314 377 455 436 430 374 190 485 294 158 215 317 200 61 291 382 411 416 141 260 381 170 477 461 50 6 79 438 328 62 56 407 87 71 246 400 296 182 94 458 324 153 211 310,500,20,26992,26992,2.800021320581436e-06,598,-2.2154712507409604,-2762,9.099894570374275
data.116,Tabu Search,random,30352,27553,0.48948209994705394,500,20000,"tenure=15, cand=40",,116124,443 161 139 498 290 500 109 442 121 213 320 490 477 468 11 38 366 75 414 48 215 94 44 315 43 229 489 201 495 203 238 37 218 479 424 422 103 330 40 404 285 66 53 47 294 146 241 427 400 185 441 30 438 383 328 420 74 51 159 379 334 381 497 269 166 130 177 467 160 222 432 243 28 439 173 20 80 437 39 292 165 354 369 147 164 481 329 57 117 200 89 362 296 151 154 63 129 142 17 36 368 326 482 168 319 331 29 86 100 27 78 309 357 45 352 372 417 138 156 450 345 348 268 494 406 314 421 342 23 216 376 316 83 466 388 18 204 111 412 120 220 247 365 321 56 411 341 332 382 223 259 460 101 179 353 193 277 446 251 288 118 280 303 206 194 310 85 284 140 12 453 276 230 25 133 58 397 228 21 325 493 149 385 99 170 209 239 283 304 491 84 295 250 148 463 127 456 244 34 317 392 486 122 67 2 408 197 211 278 335 16 349 49 416 454 282 413 323 291 93 273 71 4 475 144 115 307 496 402 172 415 492 64 137 119 409 32 274 263 256 90 473 124 13 96 178 358 42 245 447 207 77 145 472 289 305 3 52 386 249 196 212 474 50 499 95 336 14 79 10 116 322 180 423 449 19 219 54 181 15 418 232 217 198 318 375 81 155 426 302 356 324 236 419 8 403 69 281 267 389 373 279 470 395 464 107 298 70 102 374 187 152 452 433 465 176 252 346 221 72 478 128 231 484 363 401 361 275 487 327 257 405 312 104 458 367 306 190 202 105 114 301 184 246 88 258 248 434 7 195 55 457 186 233 262 488 396 143 134 6 97 430 234 132 110 61 384 171 350 370 150 459 226 425 471 59 391 462 237 169 135 163 208 483 31 271 113 347 461 65 242 428 299 68 225 60 191 410 235 175 270 393 469 1 451 189 300 106 182 480 108 272 371 390 125 476 448 380 136 394 22 399 24 338 227 485 214 351 183 26 435 92 337 436 359 141 398 344 5 162 131 407 240 287 355 333 62 387 35 265 174 157 286 205 76 339 261 123 126 266 311 431 377 73 445 340 313 188 112 199 41 343 210 192 264 46 444 9 308 429 440 260 455 254 158 167 360 364 153 255 91 224 33 253 297 98 378 87 293 82,500,20,26992,26992,2.800021320581436e-06,561,-2.078393598103142,-2799,9.22179757511861
data.116,Simulated Annealing,random,30289,27567,0.3158434000215493,10000,10000,"T0=1000.0, alpha=0.995",306,116125,24 354 385 109 298 452 173 51 346 212 273 423 439 391 425 193 491 408 164 468 25 107 93 154 475 42 404 156 264 250 39 352 395 500 217 220 318 95 139 37 199 356 45 373 308 47 476 7 44 390 34 253 306 198 410 196 321 171 83 116 432 19 340 400 137 231 369 241 222 227 102 366 235 434 428 335 330 447 292 186 285 364 498 203 77 133 58 472 350 237 215 75 110 183 122 187 359 80 256 194 197 162 473 372 421 155 205 206 418 12 238 143 483 312 353 82 170 260 336 387 142 239 343 105 43 430 36 451 120 258 26 322 453 61 20 210 316 334 161 185 180 294 456 470 145 148 409 276 146 18 135 252 257 69 32 138 99 313 309 144 378 178 249 363 1 66 22 81 376 2 242 487 272 55 131 48 248 496 465 371 402 365 247 15 394 160 172 275 278 218 174 431 191 484 441 341 329 492 70 78 310 495 207 181 14 444 204 375 233 459 457 360 86 225 460 271 326 147 234 13 108 3 332 128 40 397 125 92 67 381 104 448 224 202 477 59 100 357 462 478 74 245 417 383 168 123 176 367 481 169 327 130 214 377 406 389 338 124 165 277 127 49 188 9 5 279 281 208 433 388 118 157 91 299 415 414 317 27 96 471 229 420 134 175 88 30 201 251 344 41 16 374 293 480 486 89 283 488 490 436 392 117 331 113 195 221 94 23 38 347 288 290 300 132 29 494 177 230 269 98 151 351 497 63 311 115 362 129 320 232 17 54 427 301 265 280 422 458 209 295 28 384 314 76 11 114 426 413 315 435 244 401 126 489 446 243 393 33 345 454 296 463 319 106 121 328 349 136 85 348 192 153 485 380 266 119 361 163 405 450 263 467 152 482 440 304 289 368 333 182 424 140 228 166 184 412 474 337 287 259 307 442 268 65 455 407 466 90 449 62 270 87 342 274 111 10 493 57 216 443 464 323 56 97 358 236 223 211 254 167 469 179 267 103 479 399 416 305 84 411 189 68 219 53 149 284 52 282 8 150 101 437 72 213 6 499 355 240 339 4 73 21 255 141 64 302 262 50 291 370 382 226 46 297 386 71 31 200 159 379 261 429 79 112 396 35 445 190 398 403 325 246 303 461 438 158 286 324 419 60,500,20,26992,26992,2.800021320581436e-06,575,-2.130260818020154,-2722,8.986760870282941
data.116,Tabu Search,random,30289,27528,0.5370816999929957,500,20000,"tenure=15, cand=40",,116125,476 320 305 250 253 43 479 318 468 104 203 116 17 490 56 482 465 133 64 451 456 96 489 95 422 321 385 294 199 265 421 423 105 325 375 242 156 212 77 285 350 369 109 486 328 376 301 44 330 136 174 431 50 180 362 300 235 452 14 247 397 107 259 292 388 138 394 108 404 154 387 461 272 402 39 188 256 141 495 169 241 127 403 500 194 487 491 34 349 477 37 206 151 310 496 426 278 335 88 153 20 475 418 357 361 276 471 200 227 417 162 213 232 485 66 239 363 30 72 306 432 462 15 18 439 316 448 147 409 103 152 112 8 435 237 155 303 24 216 90 146 41 100 80 352 93 196 219 158 313 10 249 334 149 379 463 12 366 140 393 288 332 195 472 284 45 84 377 120 353 382 412 295 132 407 396 3 221 243 383 26 264 497 5 2 165 230 130 311 488 345 236 326 63 444 182 371 336 410 54 16 9 23 233 405 11 59 499 157 381 205 437 386 164 129 275 224 86 190 144 36 420 42 186 443 201 21 87 46 467 354 273 74 416 322 238 317 384 187 464 342 167 231 75 415 99 1 338 483 31 395 217 143 71 257 348 425 210 176 378 343 124 474 267 240 296 406 438 329 355 307 131 459 262 359 128 19 178 312 374 277 60 290 183 365 48 234 314 364 225 189 197 209 266 181 391 94 442 168 179 150 373 480 118 171 175 469 160 337 33 457 430 449 246 110 173 222 283 368 298 115 142 245 299 481 53 460 4 450 492 13 55 327 137 473 466 319 414 268 478 207 215 218 309 111 428 458 392 47 98 27 7 304 293 370 73 289 401 400 434 251 280 117 70 78 89 193 358 302 161 453 356 114 38 79 67 424 135 441 494 271 185 83 493 440 202 61 263 82 367 226 159 419 166 91 40 297 134 122 344 279 455 113 121 331 139 22 447 123 274 255 390 282 291 398 69 244 323 427 126 261 106 287 270 102 28 52 229 214 184 269 347 372 254 315 308 281 258 145 211 346 119 360 324 51 6 411 192 62 65 389 341 85 340 470 177 81 198 333 125 436 148 92 446 208 220 252 49 204 498 454 433 57 170 228 172 380 248 97 339 101 429 191 408 484 35 58 32 68 29 76 286 25 399 413 351 223 445 260 163,500,20,26992,26992,2.800021320581436e-06,536,-1.985773562537048,-2761,9.11552048598501
data.117,Simulated Annealing,random,30786,27338,0.3805828999611549,10000,10000,"T0=1000.0, alpha=0.995",291,117123,447 219 13 64 432 420 134 31 296 500 43 473 169 335 288 187 142 138 444 486 20 332 442 406 50 326 106 412 398 461 472 446 485 129 149 428 256 378 184 263 265 120 164 109 222 352 174 18 94 218 269 408 305 255 12 303 188 5 126 390 287 238 79 319 189 63 237 181 423 320 202 453 132 478 254 159 336 131 354 236 9 229 310 362 464 358 204 368 316 82 477 228 466 275 360 407 230 177 482 40 350 322 133 115 116 438 173 365 156 318 150 104 17 57 10 383 84 193 493 443 83 7 309 312 91 321 344 137 250 470 85 102 292 185 324 32 54 462 317 272 98 148 158 19 203 330 11 68 172 489 331 281 311 314 28 346 27 264 355 220 291 233 213 449 439 123 450 100 459 110 498 494 216 379 124 125 435 243 151 225 421 168 381 328 71 285 377 47 38 356 245 261 391 179 44 295 430 81 25 154 176 253 371 299 65 197 136 411 289 343 86 373 247 333 401 395 157 221 155 67 448 249 286 440 403 171 191 235 429 302 101 455 468 349 456 393 488 198 277 252 441 165 152 140 55 417 211 146 196 201 483 223 451 60 416 52 192 402 45 427 437 293 97 357 161 4 14 278 276 454 410 290 166 339 246 413 111 41 340 87 190 162 182 422 458 392 1 105 409 6 301 160 397 186 387 481 283 463 108 51 467 490 113 224 93 199 436 248 279 33 144 475 143 153 37 313 56 145 492 369 92 39 242 59 226 404 212 315 99 329 284 460 262 178 74 66 327 499 76 135 15 294 208 268 232 386 433 200 112 183 205 342 141 345 214 306 46 479 170 107 471 382 53 348 496 167 69 77 260 434 49 8 367 380 431 34 209 425 405 24 491 117 384 210 16 385 118 424 241 163 376 396 300 341 30 495 457 42 375 388 266 370 452 180 22 217 61 48 127 139 257 351 207 364 282 487 361 119 323 353 347 274 307 95 103 267 465 23 122 418 400 21 445 231 80 372 244 62 414 497 75 175 280 29 325 394 70 308 469 258 121 227 194 270 366 480 89 259 271 419 88 389 3 114 90 2 195 359 35 484 215 304 147 128 474 251 96 337 476 363 297 78 239 73 240 298 334 36 399 72 26 338 206 130 415 374 426 234 273 58,500,20,26797,26797,4.400033503770828e-06,541,-2.0188827107512033,-3448,11.199896056649127
data.117,Tabu Search,random,30786,27277,0.5186540999566205,500,20000,"tenure=15, cand=40",,117123,313 464 184 11 106 176 19 181 252 132 185 455 312 58 302 448 141 441 177 154 125 274 485 326 131 93 111 499 297 353 118 245 498 109 42 388 408 183 412 341 149 50 209 378 206 79 437 471 4 458 64 20 359 62 476 7 30 251 138 255 401 233 467 406 445 446 36 365 351 152 405 379 237 472 172 431 328 344 273 316 268 191 72 338 369 487 153 81 240 215 309 484 198 74 1 442 12 427 295 89 381 340 224 148 360 68 140 361 211 372 213 173 293 88 321 280 400 227 370 416 31 71 380 399 24 230 128 169 27 202 145 382 398 396 29 474 182 17 22 298 347 434 43 356 83 219 491 47 397 143 115 133 108 102 180 44 113 10 417 428 203 207 256 366 160 267 392 426 488 377 187 174 101 139 272 208 357 204 5 61 130 9 383 197 170 285 32 158 193 86 77 299 329 156 69 418 8 314 336 354 82 478 146 55 25 54 239 277 37 407 168 147 482 134 432 164 266 477 331 282 228 409 85 212 249 320 216 110 107 190 234 275 45 217 466 463 127 192 70 483 287 100 123 300 254 33 440 352 161 443 465 104 311 291 490 452 162 425 393 271 60 65 315 186 456 265 438 116 334 461 150 415 473 18 424 345 349 332 390 229 178 117 63 246 286 368 76 210 2 144 199 46 75 195 14 48 385 263 318 92 53 57 494 260 221 367 188 40 303 310 323 250 339 242 284 384 3 67 410 470 189 121 51 404 21 124 87 52 371 142 112 248 119 462 235 402 468 243 290 281 236 264 78 459 126 171 225 421 439 373 41 391 231 375 319 35 420 218 358 56 66 447 414 362 97 258 214 305 270 94 159 15 262 129 28 279 49 114 317 241 292 220 99 95 73 90 194 16 419 253 166 222 500 165 389 430 423 301 395 497 489 376 350 422 179 201 294 450 155 120 105 200 480 364 232 342 122 481 457 355 296 386 346 451 247 136 374 261 196 96 479 394 6 137 433 413 157 13 226 444 257 495 337 411 449 348 91 39 330 486 269 387 460 175 322 103 493 163 436 244 288 276 308 343 223 98 429 278 167 151 435 80 283 325 307 324 38 454 26 238 59 335 304 475 289 259 23 492 34 205 453 469 306 403 135 327 333 496 363 84,500,20,26797,26797,4.400033503770828e-06,480,-1.7912452886517147,-3509,11.398038069252257
data.117,Simulated Annealing,random,30925,27365,0.3285236000083387,10000,10000,"T0=1000.0, alpha=0.995",289,117124,104 412 257 214 57 487 398 19 403 219 93 2 486 128 31 151 442 297 443 492 445 291 465 472 313 135 178 30 137 266 360 275 351 447 136 356 326 82 338 8 309 269 230 461 437 380 26 415 394 432 425 285 397 303 149 134 29 231 209 211 213 202 481 454 417 89 43 106 117 333 161 438 118 172 63 242 158 15 10 325 389 250 471 228 411 280 34 54 426 259 238 107 23 243 429 173 206 460 37 227 485 234 97 396 177 379 124 378 490 341 217 72 361 179 373 441 22 254 283 159 355 358 451 345 47 347 146 262 71 116 187 7 48 165 359 480 132 419 353 464 427 263 477 126 185 335 368 140 139 446 452 141 482 339 424 372 153 25 204 319 364 240 148 362 332 212 300 414 281 416 444 476 58 110 64 298 232 11 248 167 210 327 407 400 365 186 430 404 156 59 41 405 301 277 320 175 469 100 131 449 33 215 260 40 180 94 381 252 473 276 81 308 383 188 376 207 246 111 237 336 420 399 314 382 125 409 70 278 288 466 377 305 321 115 334 181 168 96 478 316 318 395 68 273 422 413 174 14 312 86 92 164 346 109 12 67 375 205 251 349 233 434 354 13 265 408 499 315 196 385 393 21 495 357 402 428 289 494 36 27 152 459 224 223 76 295 329 352 304 79 474 16 392 456 497 323 467 256 197 344 367 83 9 299 75 496 391 433 123 401 28 406 340 282 170 198 388 370 220 328 133 386 268 87 253 222 330 271 421 296 56 129 145 239 489 1 52 470 45 337 42 267 350 99 292 113 101 244 387 46 436 32 484 95 190 144 493 38 468 450 235 455 169 488 475 218 342 241 287 483 448 191 127 120 208 286 225 324 182 162 462 143 24 229 114 203 147 369 3 192 311 88 221 55 20 39 142 226 53 184 317 74 80 453 183 270 189 463 216 201 5 73 112 322 491 384 193 371 4 479 121 245 78 51 440 90 102 163 498 119 261 363 418 35 200 306 130 108 84 264 18 390 439 274 138 150 62 290 50 171 423 194 61 103 166 247 17 176 77 66 374 85 122 155 65 6 410 272 366 435 60 91 284 199 105 44 458 160 279 307 302 457 343 431 195 310 294 236 500 255 157 258 69 154 98 249 49 331 293 348,500,20,26797,26797,4.400033503770828e-06,568,-2.1196402582378626,-3560,11.511721907841553
data.117,Tabu Search,random,30925,27268,0.5043259999947622,500,20000,"tenure=15, cand=40",,117124,288 64 237 215 130 192 57 44 398 317 138 473 310 280 318 68 424 444 432 256 209 380 416 442 415 113 375 308 16 350 378 281 454 263 85 87 392 94 189 264 273 240 283 147 149 373 158 185 290 23 335 6 449 461 368 236 403 438 486 211 355 497 319 295 3 299 254 472 223 151 364 437 490 361 277 20 142 390 38 128 316 242 341 152 379 451 24 72 491 197 476 260 421 241 428 304 233 389 166 219 447 453 137 184 102 103 356 111 346 125 352 238 153 266 114 365 330 431 199 488 445 55 443 107 145 207 372 419 212 183 167 31 324 470 8 471 286 70 397 118 327 180 320 293 359 458 146 376 243 79 1 178 82 10 498 393 404 399 136 206 274 119 165 139 25 143 314 276 141 81 216 336 71 435 464 347 252 441 484 261 4 91 408 58 154 43 305 499 67 140 427 117 349 478 333 388 221 385 148 76 463 301 42 300 477 156 101 191 228 391 354 40 313 222 204 329 53 418 275 97 396 420 367 172 131 303 98 182 7 337 436 54 411 253 370 14 384 414 30 59 360 116 133 381 109 485 174 52 187 65 29 258 169 377 413 328 325 467 19 120 387 466 400 292 134 177 39 13 61 200 214 132 457 353 282 155 47 326 433 123 90 278 358 334 45 307 323 500 483 210 135 271 425 229 315 5 9 251 452 294 157 188 86 434 343 194 75 217 160 289 41 302 96 245 179 465 93 110 171 28 426 374 386 27 440 407 11 412 164 255 95 265 232 246 481 48 35 423 460 50 340 462 351 173 21 269 22 127 150 455 272 15 239 32 270 112 63 249 383 321 84 227 104 439 92 235 448 382 257 170 60 291 89 482 202 69 248 244 369 159 446 56 480 122 495 422 247 430 417 402 144 106 213 225 129 220 12 196 493 78 77 312 190 51 18 124 250 409 332 344 267 100 297 33 405 126 108 203 394 66 17 338 105 46 362 168 366 342 474 230 36 34 193 429 475 162 224 121 231 309 161 489 311 363 88 49 62 296 99 83 37 322 469 268 26 284 306 468 331 450 487 287 345 357 208 175 406 80 74 198 201 496 459 2 181 262 401 195 492 73 285 371 298 479 348 279 186 226 259 456 494 205 410 163 218 395 115 339 234 176,500,20,26797,26797,4.400033503770828e-06,471,-1.757659439489495,-3657,11.825383993532741
data.117,Simulated Annealing,random,30469,27389,0.3320102000143379,10000,10000,"T0=1000.0, alpha=0.995",283,117125,278 314 254 43 296 312 149 182 219 145 344 447 196 49 397 481 27 94 442 214 445 394 281 61 78 89 448 443 339 257 243 264 291 252 395 497 180 378 316 220 125 177 98 499 179 351 37 376 256 152 25 347 311 240 493 93 308 52 331 352 346 138 155 375 273 468 289 463 262 340 486 491 416 185 411 124 473 329 215 382 207 366 255 104 127 112 482 141 328 203 117 358 440 2 429 87 202 95 470 461 133 232 406 187 297 48 193 301 464 159 148 437 370 408 253 365 387 396 4 345 113 57 355 69 369 410 466 303 356 18 1 246 147 213 354 454 32 271 484 485 341 206 478 400 20 110 173 3 46 189 218 353 164 299 327 139 144 68 287 33 51 494 363 407 474 190 391 495 55 16 438 452 488 492 140 70 106 118 157 374 188 237 258 221 234 282 320 332 64 76 422 455 317 459 10 40 292 414 420 108 359 385 457 167 362 288 100 131 471 105 338 343 175 270 489 146 200 236 398 85 235 336 19 231 404 242 11 403 205 462 184 116 126 38 480 324 121 379 169 421 279 216 166 22 156 191 274 294 56 322 251 250 162 326 436 373 130 357 123 247 372 342 96 409 204 103 298 465 490 426 74 238 477 349 75 285 23 8 260 249 83 483 54 350 472 198 290 5 209 450 120 211 42 431 31 330 72 259 45 225 143 178 59 413 62 361 435 498 384 263 6 433 28 381 81 107 286 172 412 337 487 386 401 228 388 402 418 99 181 163 364 367 360 293 197 115 7 137 60 334 160 111 109 392 73 224 417 226 424 377 151 335 12 201 135 321 469 134 170 451 91 475 283 174 128 129 44 63 199 389 425 310 66 383 90 428 390 102 380 313 50 77 136 315 333 371 14 245 71 309 132 368 58 399 171 9 208 153 453 319 430 439 476 415 13 479 119 300 444 86 460 268 150 267 17 239 192 34 26 241 244 277 165 229 35 305 227 142 405 233 161 280 101 36 306 446 80 122 41 248 284 265 272 318 92 84 65 212 223 114 30 307 295 467 325 275 230 15 158 186 97 168 261 24 183 434 222 217 441 393 323 432 29 194 458 419 67 427 53 276 88 21 496 449 154 302 82 47 176 195 304 348 423 39 79 269 500 266 456 210,500,20,26797,26797,4.400033503770828e-06,592,-2.209202522670448,-3080,10.108635006071745
data.117,Tabu Search,random,30469,27277,0.5136605000006966,500,20000,"tenure=15, cand=40",,117125,474 17 254 120 19 64 37 194 210 462 173 402 21 54 416 445 196 432 492 215 106 213 116 256 421 158 85 397 433 234 72 339 375 155 179 27 352 272 265 123 475 219 320 166 11 369 420 498 111 332 241 287 218 441 20 412 57 4 283 93 344 425 449 380 314 216 361 423 1 7 485 177 452 477 191 324 101 460 119 252 275 415 442 282 296 454 222 132 385 313 193 245 83 226 31 242 414 131 357 152 114 126 303 153 340 273 446 92 267 379 140 26 91 100 78 224 438 208 403 377 76 125 237 127 134 206 266 391 117 497 370 463 141 457 118 74 212 18 476 68 312 205 47 373 473 43 233 262 29 376 110 305 351 468 181 136 401 430 42 168 183 290 130 400 160 25 316 371 448 3 281 426 436 69 374 15 182 261 366 156 342 227 180 165 362 299 56 97 103 417 387 478 53 465 22 384 437 422 240 142 418 405 481 46 144 195 326 389 354 306 450 495 277 356 289 499 286 251 386 34 94 346 248 493 12 81 35 178 264 263 383 350 159 223 137 381 48 471 486 185 331 341 238 236 434 148 87 115 211 5 322 490 487 280 459 30 192 407 243 217 291 200 139 124 84 349 447 188 365 278 372 269 88 321 10 229 472 61 6 315 318 330 319 23 82 154 33 174 496 482 221 363 424 317 285 67 112 336 250 461 38 378 162 113 214 494 167 235 392 157 458 466 190 271 255 307 311 327 323 209 143 164 150 455 347 443 491 41 147 146 149 360 58 50 398 44 99 187 14 108 9 63 408 246 406 451 295 359 184 175 247 89 390 258 2 292 301 202 431 170 440 309 220 325 90 109 302 198 394 75 51 399 270 335 24 239 488 203 393 95 16 284 348 382 310 40 55 225 161 410 79 413 409 249 480 411 8 364 353 129 274 135 435 244 128 36 60 204 294 199 328 59 279 96 228 334 231 396 419 268 308 367 80 470 32 172 288 469 189 121 484 65 171 70 232 483 151 355 259 102 388 368 186 337 333 404 201 489 71 276 207 427 98 52 138 464 479 428 304 105 338 197 104 86 45 133 358 467 257 260 253 39 329 169 62 453 395 145 500 163 300 444 230 345 13 107 297 176 298 49 293 73 429 439 28 66 456 122 343 77,500,20,26797,26797,4.400033503770828e-06,480,-1.7912452886517147,-3192,10.476221733565263
data.118,Simulated Annealing,random,30362,27702,0.37093480001203716,10000,10000,"T0=1000.0, alpha=0.995",315,118123,411 421 363 191 95 458 188 461 289 392 457 441 6 401 147 34 434 369 418 367 253 192 62 243 283 156 179 330 373 351 479 387 158 114 396 445 481 197 109 433 189 355 478 496 332 27 137 255 477 292 306 223 379 70 422 480 17 297 265 397 372 86 393 319 207 35 308 100 28 314 105 85 337 10 437 45 159 227 108 235 32 178 275 157 154 37 152 500 22 376 149 18 187 493 357 190 336 451 106 117 491 331 361 29 303 385 226 432 193 24 343 428 129 9 113 167 413 139 252 40 77 107 495 405 419 454 301 91 204 50 127 288 270 148 261 305 82 403 452 294 467 177 195 49 382 377 89 237 247 450 124 182 208 447 116 404 290 448 317 320 210 474 328 342 39 325 368 118 360 112 30 388 93 391 59 31 245 83 273 171 232 249 72 362 455 366 78 23 370 234 56 469 489 150 238 14 205 221 414 5 420 276 94 449 268 472 326 52 402 257 427 358 7 170 386 42 400 225 302 198 263 442 446 99 47 138 476 295 92 203 122 2 81 291 130 11 15 277 296 466 145 321 259 4 462 423 21 73 57 76 364 453 271 375 436 333 274 417 26 60 456 144 497 66 246 213 315 443 248 425 103 345 340 354 426 464 440 160 399 240 25 460 216 307 1 430 141 153 431 459 222 209 329 16 334 165 241 267 335 79 312 415 133 338 416 236 406 309 155 74 71 184 356 67 298 463 41 96 490 304 69 485 229 378 231 348 327 264 215 88 494 185 258 487 482 269 12 224 43 323 180 408 347 48 492 201 438 389 174 465 483 218 272 131 102 97 394 169 424 136 90 256 486 250 87 287 395 353 228 266 280 390 163 473 349 293 230 339 33 254 211 407 194 8 3 121 499 206 38 285 352 166 120 46 299 64 220 146 36 359 498 383 115 316 80 384 20 470 444 65 284 429 281 212 381 175 279 53 242 110 172 318 410 140 233 300 55 173 244 310 322 51 260 471 13 164 341 380 132 435 371 475 84 125 119 262 162 286 346 202 365 251 44 484 324 142 143 168 219 123 199 128 134 214 409 68 374 344 217 75 54 104 200 282 488 350 98 278 196 311 412 181 151 135 186 183 111 101 58 176 313 63 19 126 161 61 398 239 468 439,500,20,27138,27138,4.299974534660578e-06,564,-2.078266637187707,-2660,8.760951188986233
data.118,Tabu Search,random,30362,27619,0.5523225999786519,500,20000,"tenure=15, cand=40",,118123,397 403 56 13 457 226 181 416 429 144 118 388 35 372 308 127 292 114 223 478 99 95 461 265 398 39 19 261 428 432 82 443 147 287 463 26 206 116 367 341 231 296 98 347 129 422 346 246 401 480 245 264 199 393 117 227 107 174 166 309 183 255 137 441 360 15 389 159 351 125 364 239 8 22 377 276 237 260 254 205 279 153 204 241 172 160 479 100 325 471 448 17 244 342 170 447 368 290 109 402 338 123 259 452 79 168 323 299 195 411 225 235 467 27 190 238 462 30 242 258 42 148 193 94 306 74 455 424 406 46 103 494 330 379 83 414 310 161 9 2 222 243 77 24 361 23 113 85 173 14 91 362 198 392 201 182 345 38 207 349 356 271 483 329 184 86 472 485 31 141 175 47 90 215 249 495 10 451 55 371 169 344 421 176 358 291 363 410 383 464 269 284 5 124 156 395 6 81 149 7 185 230 180 278 322 203 252 313 280 301 315 374 385 105 212 41 293 469 73 210 20 263 67 262 380 272 64 267 418 157 28 4 484 51 486 1 500 134 490 177 192 459 460 440 311 442 268 221 336 40 317 386 106 145 12 334 355 60 303 273 21 394 108 16 87 426 158 396 234 111 75 257 298 52 437 218 481 164 101 302 53 384 445 78 449 318 332 465 115 25 294 312 219 340 191 49 251 132 466 343 420 97 54 359 43 444 498 228 319 491 404 492 450 477 92 70 382 233 138 89 439 63 18 140 353 59 430 29 213 348 435 405 80 304 196 143 154 48 188 316 328 434 11 376 277 412 289 93 350 135 456 71 32 321 256 339 112 155 37 431 50 128 288 120 121 209 381 468 119 208 45 247 162 36 408 146 436 305 61 378 335 122 224 390 240 399 232 354 327 489 370 487 453 324 314 142 475 229 365 307 76 253 476 413 357 488 423 171 217 152 84 200 409 326 62 400 110 178 274 33 300 375 417 187 65 88 425 297 337 427 366 163 320 68 473 236 387 369 285 96 248 211 202 250 283 151 454 391 34 333 150 373 331 282 189 295 496 497 133 266 69 499 214 194 216 44 275 104 131 286 72 281 352 139 433 179 130 3 220 458 102 136 470 419 493 407 167 415 197 66 57 58 438 474 165 446 186 126 482 270,500,20,27138,27138,4.299974534660578e-06,481,-1.7724224334880978,-2743,9.034319214807983
data.118,Simulated Annealing,random,31267,27741,0.36143269995227456,10000,10000,"T0=1000.0, alpha=0.995",302,118124,377 257 322 191 441 222 56 198 253 386 49 381 123 98 60 126 79 337 288 378 401 438 208 26 310 431 334 215 180 291 136 396 13 351 397 372 147 94 105 144 264 187 164 455 461 167 61 367 300 249 406 179 448 107 229 115 58 196 259 63 23 84 485 17 420 234 76 192 39 169 294 103 245 258 487 235 159 285 162 260 458 437 152 483 181 177 204 480 494 240 472 231 25 66 148 228 475 450 118 364 89 8 100 350 398 44 436 362 432 40 457 355 35 242 172 416 415 90 248 499 275 307 220 138 224 404 116 243 137 476 309 368 121 433 278 466 346 449 14 500 201 267 232 270 166 48 373 460 82 106 488 497 6 296 69 221 122 125 173 495 227 465 131 4 395 87 183 62 314 335 428 385 145 354 256 88 281 474 360 297 83 55 254 226 18 75 15 263 149 86 492 391 266 276 27 202 329 189 343 150 407 156 282 95 271 223 97 417 477 70 161 34 239 464 184 45 108 292 46 419 68 363 305 11 390 153 124 333 348 410 469 411 81 490 12 473 358 111 33 283 157 38 345 170 207 338 182 280 255 405 426 478 37 237 303 402 213 209 2 489 289 168 53 463 139 28 99 422 408 20 133 247 43 158 5 142 190 481 479 127 423 21 452 319 498 421 29 54 347 42 9 155 435 274 327 284 365 414 163 246 447 244 400 341 110 484 120 194 440 251 344 353 304 340 112 444 197 409 383 252 330 443 238 388 241 165 199 336 129 302 468 52 470 442 114 193 203 308 57 429 1 140 471 72 413 324 93 445 328 342 370 293 32 16 331 50 392 36 269 160 268 78 332 176 482 287 151 22 96 371 313 418 339 318 491 141 206 389 10 117 357 188 236 210 496 130 454 205 214 59 425 218 311 272 326 434 462 298 306 279 261 233 128 41 73 154 175 171 71 24 320 467 77 65 134 212 47 380 290 195 382 451 412 113 109 101 51 219 146 265 352 3 453 216 104 135 143 31 85 403 119 321 375 459 230 67 359 439 286 19 356 102 74 317 186 366 80 399 225 211 493 486 91 424 299 376 92 374 132 323 384 427 325 446 178 387 174 369 456 262 7 379 273 295 30 301 430 361 316 277 217 200 185 312 64 250 315 394 349 393,500,20,27138,27138,4.299974534660578e-06,603,-2.221976564227283,-3526,11.277065276489589
data.118,Tabu Search,random,31267,27459,0.5448986999690533,500,20000,"tenure=15, cand=40",,118124,355 198 257 401 372 436 159 447 139 181 49 420 114 310 350 273 300 396 240 437 259 66 329 158 84 166 220 125 275 301 323 35 242 423 392 197 428 364 6 308 234 431 328 488 337 17 149 385 404 184 177 193 294 195 211 11 170 284 245 458 56 462 153 391 74 180 342 331 347 326 464 280 410 338 472 70 227 126 207 283 30 463 424 13 367 98 357 191 386 494 411 162 222 205 348 461 305 146 85 96 495 359 267 39 231 497 34 457 121 82 395 83 455 322 277 25 400 417 28 315 298 251 341 65 381 157 480 196 186 5 173 264 7 206 416 491 321 390 306 156 228 91 151 117 171 475 374 469 429 448 379 407 414 143 366 128 258 19 361 485 483 223 405 409 106 147 479 432 134 40 15 199 1 216 68 319 44 230 14 287 467 487 276 120 154 418 155 218 221 94 254 481 253 295 200 358 476 446 378 382 136 362 87 204 345 113 192 77 484 137 325 233 53 398 327 304 314 81 492 380 285 145 54 50 261 317 399 123 116 500 109 450 499 383 108 237 334 452 103 279 478 312 122 185 26 73 210 225 293 212 99 303 278 168 490 249 86 3 320 47 247 213 236 460 256 214 493 422 496 421 292 413 92 79 299 336 440 72 51 176 397 263 61 384 102 271 291 135 288 27 302 343 351 394 246 333 286 290 289 167 451 442 445 112 63 346 369 144 266 20 12 340 8 209 132 454 75 160 324 376 111 60 408 150 403 2 335 104 282 473 45 449 100 78 368 93 46 41 179 129 138 248 88 415 24 468 43 466 165 21 252 115 31 360 353 130 365 141 208 118 22 444 23 339 110 119 371 433 219 313 255 76 201 127 307 241 344 318 29 37 38 262 406 32 477 388 69 272 203 377 217 443 189 59 297 190 387 182 89 161 373 389 274 42 90 107 435 124 356 58 148 64 268 498 309 470 238 67 441 363 244 131 175 349 239 456 105 465 265 332 296 224 260 419 97 57 235 52 453 16 152 33 330 250 62 489 178 95 354 269 426 311 370 471 438 232 9 202 183 482 427 281 140 187 80 425 486 430 188 393 459 434 142 169 48 402 229 270 163 55 172 412 133 4 71 18 10 215 243 474 226 375 174 194 164 101 439 316 352 36,500,20,27138,27138,4.299974534660578e-06,321,-1.1828432456334292,-3808,12.178974637797038
data.118,Simulated Annealing,random,30583,27606,0.3684147999738343,10000,10000,"T0=1000.0, alpha=0.995",300,118125,253 377 198 235 353 345 347 186 3 396 348 306 378 434 457 287 65 114 392 28 379 461 86 149 418 447 249 291 436 272 460 94 98 260 201 442 2 372 403 6 475 298 280 423 221 216 25 105 132 145 386 283 375 100 344 424 26 327 491 197 84 303 123 323 412 381 240 360 10 243 397 95 177 426 139 309 494 222 290 207 429 406 127 159 233 140 415 14 116 174 300 275 329 462 388 485 351 46 192 337 278 467 115 189 315 24 263 49 374 261 333 400 199 373 359 427 271 103 417 195 237 346 147 443 248 180 256 118 215 236 466 136 304 268 322 193 352 413 113 487 212 385 227 172 230 170 23 458 117 11 465 401 384 319 168 470 472 93 391 17 102 218 342 164 404 152 297 313 411 277 258 262 146 72 204 477 338 284 29 299 450 479 52 194 162 334 138 383 471 367 257 33 285 296 61 332 387 311 441 131 463 34 15 437 70 63 305 121 445 452 451 492 432 202 276 371 53 335 255 44 308 288 267 495 326 393 27 364 357 69 67 431 488 158 9 38 106 7 497 421 129 389 292 5 473 104 307 341 414 336 310 483 205 54 455 270 252 68 331 242 453 40 489 47 259 111 464 264 83 20 468 196 223 366 234 82 469 493 119 155 245 241 428 154 251 137 208 166 88 51 456 408 4 92 478 200 60 188 289 269 176 496 165 225 133 163 184 160 500 361 99 203 42 301 246 244 211 266 112 191 78 480 293 265 43 79 356 370 210 358 74 444 156 286 96 422 279 36 1 35 405 169 448 486 324 238 130 476 355 229 409 21 274 73 231 433 144 161 416 185 66 484 57 157 55 124 134 454 32 362 135 190 178 141 213 128 19 343 499 425 122 181 420 314 187 175 41 312 50 219 81 87 328 39 368 498 402 142 439 325 12 109 228 167 395 37 71 85 232 459 179 108 316 481 282 171 294 226 80 354 153 18 13 151 302 58 363 339 150 173 75 440 183 340 390 148 410 254 376 16 97 31 321 90 449 182 247 45 89 101 22 317 349 446 382 224 59 438 64 239 91 110 217 398 206 318 430 8 295 394 407 490 209 419 214 380 220 62 369 143 273 56 350 48 250 107 435 76 125 474 320 120 77 281 399 30 365 482 330 126,500,20,27138,27138,4.299974534660578e-06,468,-1.724519124474906,-2977,9.734166039956838
data.118,Tabu Search,random,30583,27581,0.5392036000266671,500,20000,"tenure=15, cand=40",,118125,193 457 449 192 139 182 478 305 87 440 39 300 401 100 159 35 374 225 166 207 360 348 350 40 3 44 92 332 147 488 445 379 64 189 273 274 243 439 71 438 83 492 253 94 91 247 413 190 8 81 358 185 238 144 258 89 370 341 431 1 306 113 462 203 422 181 461 342 42 49 472 112 156 283 295 296 201 23 334 77 117 121 129 476 397 329 479 82 206 493 28 45 315 303 210 421 202 132 148 345 487 481 254 98 170 200 477 333 261 307 456 184 398 271 84 138 120 415 232 106 160 7 239 85 272 257 174 316 107 336 99 385 351 223 4 409 441 17 381 5 377 480 6 110 51 204 426 380 53 163 95 339 359 424 290 436 301 208 280 230 491 391 256 168 141 394 285 393 404 212 372 405 151 376 276 118 241 388 383 93 176 18 297 325 371 323 25 375 450 473 494 448 108 244 155 128 311 260 403 9 175 314 124 135 317 453 57 205 335 378 466 12 72 463 162 60 288 228 209 392 464 347 293 56 191 407 340 386 218 444 417 61 198 15 423 255 38 197 490 322 213 412 43 171 27 447 454 318 337 158 54 63 137 50 308 2 389 310 304 237 361 357 111 292 76 114 221 52 321 427 432 309 267 382 467 294 179 411 291 497 281 499 195 396 266 420 250 102 327 468 319 145 269 298 328 410 402 22 79 119 338 349 326 435 140 469 367 26 233 103 186 278 24 66 429 13 157 220 240 146 289 268 70 270 78 343 68 408 369 14 355 284 104 363 10 471 74 373 395 437 344 365 55 127 90 199 242 143 109 368 419 19 34 451 105 123 353 443 446 366 180 187 73 217 489 31 164 116 259 234 231 364 320 216 224 362 33 62 474 47 482 495 496 153 331 36 384 32 126 227 172 299 80 150 46 245 125 88 460 500 434 406 286 313 498 219 167 416 222 324 226 149 152 142 177 458 459 188 67 196 455 277 279 483 352 37 122 101 414 265 484 173 465 249 169 183 211 263 115 418 48 16 262 485 399 486 21 275 251 194 282 161 433 154 134 30 65 97 248 130 387 69 96 136 400 356 428 302 452 246 235 287 20 75 11 312 133 165 29 264 215 425 229 59 214 178 131 236 252 470 41 442 330 354 390 475 346 430 58 86,500,20,27138,27138,4.299974534660578e-06,443,-1.632397376372614,-3002,9.815910800117713
data.119,Simulated Annealing,random,30581,27282,0.3138285999884829,10000,10000,"T0=1000.0, alpha=0.995",285,119123,224 369 354 194 432 6 249 55 56 441 467 185 360 38 297 307 138 76 386 269 129 215 392 121 5 92 285 216 439 40 122 410 157 468 394 487 313 10 177 383 145 484 220 260 330 63 316 162 320 257 283 119 401 435 380 279 65 250 112 94 345 433 287 110 218 309 490 34 343 423 363 322 78 457 414 399 338 195 18 62 151 272 106 314 310 59 200 125 416 425 458 45 459 280 161 500 231 97 51 217 35 155 465 86 9 206 298 14 407 64 491 319 128 371 475 384 41 118 81 273 198 98 184 190 395 265 263 159 156 135 442 36 339 168 193 15 443 219 350 140 291 364 446 39 403 305 226 417 175 232 275 477 69 405 420 85 365 228 268 189 258 230 278 455 495 267 353 326 447 246 212 370 274 104 485 493 251 221 158 466 448 4 136 248 182 276 154 440 378 393 57 292 238 367 341 227 288 109 209 472 437 255 236 61 431 337 494 357 327 406 293 332 259 301 207 139 211 77 476 324 149 294 50 409 170 137 152 300 96 388 456 478 261 436 58 329 463 223 471 452 373 26 153 374 387 277 333 124 22 396 42 127 428 312 270 80 271 160 252 172 237 438 71 256 143 372 91 70 117 205 178 347 282 397 311 462 299 174 480 334 482 470 225 331 191 165 167 451 281 315 8 17 27 188 402 253 169 176 49 348 144 321 196 84 16 142 186 361 400 233 355 235 52 302 53 473 130 346 114 351 286 244 284 107 375 12 126 385 434 234 19 101 481 382 247 181 213 317 21 163 54 422 197 166 349 111 445 179 430 304 147 123 173 3 499 88 37 474 303 419 498 33 444 66 171 7 47 424 486 131 75 214 13 68 1 48 113 454 488 201 30 242 132 83 199 418 323 29 415 266 100 318 222 335 120 115 204 43 99 412 20 192 208 391 133 358 46 102 398 180 479 183 421 150 483 148 404 254 93 229 89 79 116 95 426 342 108 308 344 210 492 187 295 356 489 245 31 134 262 290 368 202 377 376 362 408 389 44 464 289 239 296 11 328 461 306 2 25 496 82 90 264 390 87 450 352 240 429 164 72 381 28 413 24 74 460 146 203 32 411 60 67 336 243 241 359 141 366 105 497 427 340 325 469 23 453 103 449 73 379,500,20,26631,26631,3.300025127828121e-06,651,-2.444519544891292,-3299,10.787744024067232
data.119,Tabu Search,random,30581,27175,0.4925424000248313,500,20000,"tenure=15, cand=40",,119123,373 8 236 237 38 138 66 461 67 380 191 64 212 340 124 187 326 357 478 248 316 13 322 405 466 52 412 56 305 481 310 112 35 183 307 339 221 195 445 488 295 406 479 279 448 472 421 224 364 88 293 118 206 485 346 369 225 309 273 470 442 36 441 271 106 94 337 162 196 41 359 410 213 147 498 292 303 254 490 39 308 116 173 40 49 252 214 367 157 190 381 400 417 284 185 374 242 33 285 77 343 153 464 377 154 114 368 7 431 457 211 274 61 314 120 260 68 396 477 102 97 216 209 495 24 484 268 331 59 18 451 16 156 315 232 414 324 50 218 395 429 182 65 27 354 500 493 455 291 5 473 115 379 76 177 483 463 330 155 110 469 113 159 247 499 361 235 351 287 266 327 194 267 282 62 283 275 301 131 262 304 203 432 188 313 447 347 240 453 329 134 299 121 335 193 21 482 204 69 311 269 435 87 239 383 78 328 475 2 460 300 79 371 230 350 168 23 257 47 342 272 428 256 277 352 1 468 139 415 28 51 496 440 223 486 286 363 456 117 143 419 439 146 160 278 104 149 375 200 119 446 179 46 360 205 355 201 57 497 63 17 220 92 392 459 348 388 422 58 245 471 219 199 407 34 111 85 244 333 312 4 184 397 345 465 22 84 15 222 420 54 255 454 332 20 95 32 86 81 487 128 170 370 167 462 444 387 82 227 140 259 135 320 362 229 418 130 426 12 48 55 270 176 70 137 108 393 10 91 434 197 107 80 186 450 228 25 280 258 215 31 26 288 73 93 467 424 71 172 398 438 317 476 233 389 494 96 458 386 152 306 391 263 241 164 145 192 401 210 99 492 334 323 29 296 403 302 443 75 437 491 45 163 349 321 14 105 103 416 9 19 43 148 166 165 250 399 90 366 126 358 276 265 378 238 281 11 452 37 136 318 234 264 390 74 372 169 60 365 125 402 3 208 338 44 217 100 261 151 319 341 181 376 382 123 297 474 384 132 290 83 449 133 413 251 127 53 141 180 207 325 436 129 150 433 253 158 202 174 356 385 408 109 122 249 409 98 423 353 480 411 144 101 243 171 294 344 72 404 425 246 89 161 226 336 198 427 178 430 42 6 30 142 298 189 394 231 489 289 175,500,20,26631,26631,3.300025127828121e-06,544,-2.042732154256318,-3406,11.137634478924822
data.119,Simulated Annealing,random,30568,27040,0.3300896000000648,10000,10000,"T0=1000.0, alpha=0.995",308,119124,297 343 373 106 378 428 327 95 339 183 187 393 71 224 257 129 169 244 307 61 227 413 63 431 251 104 499 76 380 83 38 368 75 263 291 152 56 381 490 242 45 407 261 465 19 285 255 146 422 479 192 97 342 157 434 355 299 283 364 353 345 406 67 221 33 35 89 357 234 46 28 140 1 427 87 13 29 184 288 405 481 182 246 447 116 86 202 469 478 9 442 420 361 80 466 252 50 220 55 142 387 359 154 213 216 135 322 215 31 171 198 453 217 338 228 186 199 260 448 284 138 153 461 74 190 110 162 170 188 463 305 101 330 476 24 69 156 68 12 352 197 302 414 314 94 498 84 394 32 450 49 160 306 309 418 85 245 316 178 88 277 100 209 271 354 412 445 8 114 218 341 26 211 103 286 396 328 386 125 335 119 424 301 258 194 266 358 39 451 126 60 443 17 144 347 159 232 193 289 319 262 356 191 185 241 392 64 236 379 7 496 237 417 161 444 456 40 360 429 14 333 497 175 230 4 143 292 36 120 473 150 243 264 229 196 384 329 340 238 256 433 308 495 225 259 3 377 200 66 349 367 416 278 212 147 34 59 482 78 280 337 446 425 390 128 500 312 172 133 411 96 231 315 124 91 375 57 269 404 210 81 350 166 483 112 298 487 313 488 270 470 131 493 318 90 491 438 167 127 23 423 92 21 253 173 208 398 204 323 317 239 179 474 111 295 310 222 290 195 233 382 371 365 108 51 351 141 366 136 454 20 468 462 122 250 158 389 155 402 201 348 459 254 77 296 441 304 435 293 279 223 409 214 282 362 471 15 219 369 137 426 22 477 276 70 372 437 421 400 148 30 176 10 484 226 410 42 164 332 436 397 265 385 249 331 118 472 105 294 139 27 311 452 489 268 475 326 494 73 205 145 72 273 47 403 467 439 62 79 334 53 123 25 48 486 395 336 82 177 300 98 149 5 391 480 485 107 370 2 163 346 408 430 458 376 401 363 303 248 247 240 58 102 449 132 16 151 399 457 432 235 174 275 455 415 383 52 460 189 134 54 37 130 274 320 121 44 93 419 325 117 99 113 492 65 344 181 180 374 11 272 109 18 41 388 165 281 6 207 168 440 464 115 203 43 324 206 321 287 267,500,20,26631,26631,3.300025127828121e-06,409,-1.5358041380346212,-3528,11.54148128762104
data.119,Tabu Search,random,30568,27194,0.49851300002774224,500,20000,"tenure=15, cand=40",,119124,230 286 278 424 13 183 485 498 218 86 41 493 443 323 57 182 28 128 462 215 159 26 176 196 346 327 142 106 14 184 364 474 186 131 97 73 395 177 266 11 178 397 339 385 228 92 88 455 252 29 355 69 9 350 34 331 129 487 187 292 61 132 122 301 235 450 225 383 495 104 458 35 27 373 213 125 173 63 284 216 469 202 74 162 12 344 33 335 368 394 180 105 365 428 298 316 45 31 300 435 23 421 55 238 473 167 317 309 257 85 77 208 347 407 297 153 392 64 146 170 82 289 437 58 68 460 273 84 145 369 18 165 136 310 30 322 307 268 16 420 140 116 484 472 151 382 324 280 143 477 431 272 412 111 377 49 320 432 154 207 417 262 206 423 100 465 2 467 305 155 137 476 80 496 222 107 389 94 242 181 422 243 308 110 62 214 76 276 239 490 457 282 304 102 479 456 494 43 372 427 46 367 244 256 459 429 380 393 237 135 83 258 81 319 210 447 229 32 21 318 332 326 108 338 340 343 376 51 321 5 361 236 194 285 39 160 168 134 439 149 482 189 164 315 269 251 446 240 22 330 410 436 220 223 147 442 98 303 219 115 337 260 119 430 166 138 445 491 123 399 401 478 483 398 374 370 209 101 500 396 362 59 378 246 283 342 253 185 130 96 291 71 486 329 461 265 99 204 157 404 87 426 261 224 95 448 48 38 313 171 152 15 451 391 118 470 158 468 359 413 264 127 66 227 353 360 174 356 25 381 293 78 50 60 195 161 348 295 112 201 53 139 144 444 232 24 336 255 433 379 325 334 221 4 36 203 328 148 416 200 249 312 91 357 425 351 241 198 212 454 279 441 405 56 386 188 274 42 349 403 358 117 44 248 179 263 402 197 1 193 10 65 217 141 352 415 387 234 19 254 79 290 89 497 452 466 311 299 492 440 113 419 103 109 67 406 175 481 124 277 453 418 40 463 156 37 75 296 499 191 388 190 8 480 333 90 438 270 281 231 287 70 17 169 434 375 233 271 114 384 345 126 341 250 411 449 150 47 288 390 3 475 245 52 489 414 192 371 121 464 54 488 471 267 172 211 120 366 409 302 306 205 314 354 93 400 226 275 199 259 294 363 20 247 7 163 408 133 6 72,500,20,26631,26631,3.300025127828121e-06,563,-2.1140775787615937,-3374,11.0376864695106
data.119,Simulated Annealing,random,30057,27171,0.3163378000026569,10000,10000,"T0=1000.0, alpha=0.995",290,119125,229 18 8 216 420 140 461 45 369 355 272 310 268 475 147 386 409 256 293 10 378 211 365 31 463 400 228 448 337 395 450 431 5 296 486 40 423 192 282 493 95 158 38 416 313 187 71 444 253 242 343 323 338 289 193 7 67 42 137 470 373 75 58 344 500 261 401 64 82 223 399 56 143 451 456 106 473 227 108 221 325 236 2 98 230 385 274 138 159 356 255 260 122 78 135 271 254 437 330 61 167 454 101 12 35 324 24 195 15 124 290 332 328 335 110 497 232 90 414 292 322 13 381 394 165 301 347 214 129 220 207 481 303 345 77 69 252 304 91 297 178 172 336 198 477 270 53 464 340 114 194 197 377 380 432 209 440 96 185 466 118 212 128 484 86 4 115 100 329 417 88 149 76 218 248 244 150 357 234 321 436 224 151 312 426 499 291 171 474 52 43 277 74 468 428 443 382 84 479 427 348 55 349 403 166 202 376 273 11 173 391 238 258 389 183 119 105 249 9 177 51 309 72 398 367 368 265 26 370 307 164 196 44 266 63 262 54 278 396 281 99 402 384 33 87 222 275 410 239 121 411 279 170 123 94 435 191 298 226 302 406 246 358 131 190 28 383 407 295 287 126 490 136 127 113 208 284 491 219 327 181 186 452 161 36 318 213 496 102 495 29 46 21 41 374 237 457 445 492 116 319 455 130 364 333 363 413 70 148 434 487 176 331 418 188 103 441 316 469 485 488 146 104 14 471 154 320 354 139 453 317 50 276 334 6 339 459 174 359 433 294 68 419 498 152 3 153 235 362 315 308 264 353 449 49 243 397 169 240 314 184 27 160 141 430 306 48 66 59 446 189 311 263 144 117 47 57 109 460 342 489 85 280 438 476 350 300 299 283 210 285 89 182 62 408 250 447 341 257 83 205 132 80 259 483 371 157 107 125 462 175 163 30 203 372 60 429 156 421 251 25 145 442 39 155 241 231 79 97 288 305 458 415 162 425 390 247 73 494 404 392 134 92 375 34 326 352 467 405 412 180 111 200 16 199 482 204 422 269 65 480 366 379 361 81 215 245 233 112 424 360 217 472 142 133 393 387 19 37 465 439 478 225 351 201 267 17 120 388 22 179 20 1 32 346 168 206 23 286 93,500,20,26631,26631,3.300025127828121e-06,540,-2.027712064886786,-2886,9.60175666234155
data.119,Tabu Search,random,30057,27140,0.5116858999826945,500,20000,"tenure=15, cand=40",,119125,12 183 129 76 484 466 461 431 369 493 285 331 322 486 242 424 67 428 383 209 235 55 260 185 61 88 33 356 357 38 133 82 29 252 417 398 277 325 488 44 8 84 6 106 381 80 496 186 35 358 350 173 305 459 91 196 297 236 237 159 319 314 269 160 241 323 30 373 308 86 307 375 311 387 244 355 339 249 39 352 273 168 224 343 335 245 21 202 404 302 327 229 478 51 348 216 450 468 487 268 117 476 361 85 340 92 143 470 200 338 130 270 413 57 46 416 78 228 215 187 472 320 7 354 440 41 112 137 421 397 437 392 389 418 326 445 337 101 329 157 214 298 474 25 69 426 32 287 443 217 442 256 463 446 9 227 312 401 122 403 248 441 299 174 43 206 390 453 74 151 147 226 18 52 34 221 400 465 384 377 36 427 154 262 290 156 371 140 31 165 411 233 481 20 365 263 231 279 145 180 150 396 336 309 435 286 103 423 105 128 5 469 98 192 42 23 288 234 283 204 89 246 110 409 190 295 258 254 318 125 175 456 467 198 170 303 28 457 347 272 108 408 2 415 382 211 99 121 271 433 353 218 40 368 37 363 378 136 432 66 315 360 261 16 317 292 63 447 359 83 479 17 367 171 497 281 11 324 56 70 109 135 250 126 346 498 172 422 155 449 225 58 124 95 223 4 495 238 208 24 53 473 414 22 219 332 212 93 330 251 452 104 193 477 351 188 27 255 345 1 482 102 483 451 134 253 291 266 376 306 425 349 265 370 68 81 197 64 120 54 362 328 316 167 194 232 385 115 203 118 72 75 50 243 438 394 45 380 278 239 275 366 257 300 49 429 410 500 374 391 119 114 144 138 342 177 434 296 388 399 164 310 372 462 491 71 199 15 341 77 127 123 139 448 26 107 475 182 454 405 230 294 48 179 458 264 444 406 62 430 113 386 494 455 471 13 247 284 96 176 480 158 213 131 79 304 94 87 402 280 207 178 379 436 407 210 73 14 205 163 412 364 289 152 10 395 313 492 90 191 148 240 499 274 282 166 195 111 439 293 485 59 276 334 419 333 464 161 116 420 344 184 97 142 460 3 267 19 189 60 220 490 153 169 65 321 393 489 146 141 149 47 181 162 201 222 132 259 100 301,500,20,26631,26631,3.300025127828121e-06,509,-1.911306372272915,-2917,9.704894034667465
data.120,Simulated Annealing,random,30643,27687,0.3205346000031568,10000,10000,"T0=1000.0, alpha=0.995",314,120123,441 120 438 453 299 79 334 150 307 326 203 19 423 143 34 201 248 421 66 91 259 485 134 416 20 355 198 303 39 480 162 377 24 178 327 487 463 481 331 397 339 196 474 61 63 43 380 163 128 56 69 90 21 274 11 51 13 292 81 224 388 177 361 16 405 112 12 38 353 443 283 80 84 395 290 127 96 381 347 93 28 434 49 352 45 492 318 192 114 137 374 113 99 300 476 129 435 141 33 219 183 131 252 47 59 346 341 9 240 116 60 284 46 408 170 111 458 410 470 452 23 465 489 251 404 472 309 413 390 10 322 246 411 187 281 368 488 415 297 146 130 436 426 210 418 258 37 467 165 451 287 227 243 325 41 98 344 32 267 237 262 462 286 360 174 180 340 449 200 280 275 495 167 288 316 239 126 459 296 67 328 172 323 376 305 88 270 102 271 399 226 268 402 82 261 181 208 430 359 265 393 424 304 269 364 350 398 103 379 3 302 372 498 176 234 185 427 217 354 154 62 431 310 182 73 298 314 497 386 343 330 168 215 2 75 159 31 100 389 428 50 57 108 432 414 229 332 139 469 204 254 273 244 115 422 249 104 445 337 255 151 475 412 306 161 95 27 68 245 500 317 199 383 277 362 197 349 4 92 365 464 409 86 439 370 222 478 385 212 142 456 276 228 444 110 70 294 230 194 247 195 483 490 184 83 191 206 166 109 264 133 375 7 171 486 64 36 149 78 74 450 266 371 123 433 257 351 329 313 387 193 76 6 236 403 278 220 40 205 301 48 324 461 493 400 169 256 1 53 106 250 242 105 14 223 282 494 186 394 136 52 107 147 373 164 312 384 496 26 466 342 473 173 89 369 207 285 71 272 42 499 356 202 263 101 58 117 363 25 479 87 336 440 260 319 44 8 232 144 211 378 396 175 35 279 447 157 209 482 420 65 425 221 214 289 321 233 437 238 357 366 320 124 122 417 358 471 477 140 218 85 448 348 30 401 484 291 54 160 367 29 216 491 345 241 121 429 119 406 468 132 446 460 118 392 454 311 189 231 97 148 145 293 333 253 235 335 442 17 188 5 391 135 125 315 308 22 152 190 455 457 179 15 213 407 382 18 155 153 225 94 156 77 295 72 138 419 158 338 55,500,20,26984,26984,4.999979864805937e-06,703,-2.605247554106137,-2956,9.646575074242078
data.120,Tabu Search,random,30643,27462,0.49829109996790066,500,20000,"tenure=15, cand=40",,120123,321 274 436 137 147 155 5 364 345 388 20 44 68 449 484 205 292 129 384 112 146 482 426 360 125 461 259 12 446 174 138 87 144 330 24 396 16 35 297 362 440 213 157 319 198 474 245 465 89 494 242 497 451 86 168 340 251 380 76 91 79 114 352 197 193 257 405 305 201 425 13 318 283 359 1 325 219 225 162 316 445 85 195 127 270 334 9 302 441 267 29 385 132 377 273 286 64 98 495 341 400 67 290 268 276 212 301 342 22 27 448 163 8 331 281 139 172 313 119 188 102 452 207 480 90 21 238 398 282 307 333 339 215 122 134 450 60 23 329 61 423 357 258 248 38 467 338 256 224 300 393 235 407 390 430 488 203 69 403 200 153 31 392 427 234 170 438 183 33 95 226 404 179 209 240 317 343 231 56 45 293 126 37 150 77 323 152 72 456 15 230 402 459 214 255 288 280 10 177 371 350 120 294 57 236 252 476 196 262 131 244 109 47 320 221 406 217 266 366 159 344 314 173 104 312 249 222 83 353 239 324 128 66 437 382 41 332 100 306 285 303 247 304 414 190 399 363 164 176 3 51 58 166 65 250 108 391 211 189 287 483 356 498 39 48 289 149 454 101 115 6 93 499 246 433 424 161 478 373 369 178 413 473 171 471 181 477 19 428 121 74 487 88 278 227 117 43 386 96 116 34 184 185 194 208 486 395 296 432 110 336 469 81 130 365 54 182 354 375 202 241 237 46 415 378 389 311 186 411 26 328 337 284 4 346 387 422 156 199 154 485 272 220 145 264 269 167 232 210 169 500 418 326 431 355 142 228 42 71 28 291 263 187 358 470 309 206 40 408 417 481 421 233 17 277 370 463 466 59 30 80 148 368 429 63 496 191 397 106 136 55 32 409 410 491 135 141 335 435 52 14 7 70 458 78 315 49 18 151 394 299 347 103 265 447 416 490 143 472 253 75 298 97 379 99 322 94 113 2 492 82 420 348 295 439 412 383 453 462 204 349 243 460 464 401 443 271 165 372 254 468 444 376 36 158 62 489 351 361 261 275 279 493 53 92 367 84 442 419 160 216 25 73 123 310 327 175 11 218 223 434 118 260 111 475 124 374 229 107 105 381 457 308 50 192 455 140 180 133 479,500,20,26984,26984,4.999979864805937e-06,478,-1.7714201008004744,-3181,10.380837385373495
data.120,Simulated Annealing,random,30422,27607,0.3220115000149235,10000,10000,"T0=1000.0, alpha=0.995",293,120124,288 488 480 391 16 95 363 474 150 438 174 346 345 214 4 60 133 158 173 286 487 113 120 266 254 493 107 309 227 370 252 304 316 239 183 237 435 64 59 322 135 111 204 123 307 499 475 274 273 292 470 330 458 6 299 356 444 55 278 279 339 191 331 388 397 142 380 359 249 39 293 255 342 159 343 53 190 22 54 31 20 296 253 282 323 29 489 157 317 8 390 221 28 164 459 250 232 105 433 38 445 68 382 168 369 242 181 140 416 425 131 492 201 455 324 298 441 360 25 411 297 172 244 63 187 48 386 486 65 151 66 375 329 265 264 217 14 294 114 43 202 454 319 353 99 481 226 389 50 27 303 361 463 218 447 206 497 81 347 136 236 348 11 421 37 225 210 138 207 148 424 422 247 263 167 451 228 440 224 332 100 77 170 401 101 195 116 482 233 276 404 234 498 321 271 188 262 128 394 108 230 385 376 171 418 83 443 431 185 430 251 34 383 466 84 387 392 71 219 125 35 398 52 379 300 318 118 163 67 290 377 341 23 76 357 61 469 395 461 94 334 287 143 97 473 115 197 354 127 222 182 40 79 358 426 366 160 132 178 471 372 175 89 2 91 141 373 147 396 272 155 408 484 420 169 301 103 110 368 119 344 472 423 326 476 208 261 311 283 270 306 362 72 333 349 485 308 410 129 450 117 154 58 268 166 19 162 90 457 98 446 46 314 427 205 405 483 500 325 152 378 364 491 406 70 235 340 393 477 47 130 479 412 281 198 165 62 176 285 384 18 284 179 415 42 10 180 367 21 407 57 350 417 460 267 223 338 74 442 30 199 5 9 36 365 211 468 289 41 106 153 126 452 134 456 374 436 269 189 88 434 231 312 371 177 295 161 102 462 146 240 144 203 351 45 87 315 320 124 495 439 24 112 215 1 465 69 243 137 402 399 33 432 277 464 32 49 184 104 121 336 44 96 85 335 352 109 241 209 15 291 428 26 413 13 302 496 139 56 248 429 149 245 51 328 78 259 73 196 194 75 258 246 260 200 238 17 403 409 355 82 449 256 448 437 12 494 310 400 186 213 419 216 192 7 257 80 212 467 92 478 145 3 305 453 490 229 337 86 327 280 122 220 313 275 414 193 93 381 156,500,20,26984,26984,4.999979864805937e-06,623,-2.308775570708568,-2815,9.253172046545263
data.120,Tabu Search,random,30422,27346,0.5122378999949433,500,20000,"tenure=15, cand=40",,120124,56 274 128 487 375 466 245 448 188 485 331 380 244 398 49 119 115 288 453 203 191 96 152 318 351 295 137 381 304 349 181 345 435 95 28 410 226 4 439 169 205 243 395 178 10 31 29 218 240 306 246 354 481 43 298 88 321 42 450 324 222 148 139 276 123 443 248 35 131 67 287 495 404 346 193 39 24 187 263 419 50 256 219 441 433 411 299 68 54 271 290 173 82 406 360 374 474 340 436 174 12 377 416 83 214 40 170 422 159 488 461 284 460 172 368 359 241 150 156 379 199 155 217 196 430 57 223 251 58 333 6 232 327 79 224 438 365 407 157 80 425 449 60 428 446 41 16 322 75 5 339 267 316 357 204 272 92 66 447 153 371 107 363 343 120 273 61 317 370 392 37 458 167 104 328 65 158 151 325 356 201 146 125 198 415 252 8 91 470 471 500 63 414 236 463 171 102 212 52 134 228 476 81 84 140 300 247 1 303 376 286 136 124 323 264 445 225 182 239 106 258 164 278 234 384 341 483 20 105 409 141 46 459 266 21 268 166 424 18 305 34 451 417 292 437 383 77 221 330 94 76 469 282 72 15 254 326 135 197 334 310 121 283 498 183 490 142 73 208 195 427 420 388 358 53 200 372 14 394 177 385 294 480 133 206 210 25 373 110 478 440 11 51 242 7 350 209 3 484 127 165 126 237 496 261 47 23 113 233 418 499 467 230 455 399 364 250 269 211 71 249 216 431 468 335 163 101 27 464 149 336 293 108 229 144 408 122 116 296 202 280 401 55 319 309 444 111 138 402 227 494 235 369 238 64 389 347 405 452 154 143 456 492 391 168 465 285 497 486 297 184 132 147 289 145 185 332 390 17 362 48 161 69 74 489 112 396 421 308 378 338 277 176 180 355 190 344 353 33 434 97 320 311 426 215 314 186 454 19 207 160 162 89 315 386 45 213 302 442 301 9 255 62 462 432 130 429 59 491 366 2 412 413 114 38 179 85 26 22 13 93 397 103 403 493 307 279 312 352 30 313 44 259 329 275 260 118 342 337 367 36 270 281 291 231 220 192 109 32 70 361 100 473 189 194 99 262 117 472 98 387 129 457 482 400 90 87 477 265 382 348 78 253 475 86 393 257 423 175 479,500,20,26984,26984,4.999979864805937e-06,362,-1.3415357248739994,-3076,10.111103806455855
data.120,Simulated Annealing,random,30271,27583,0.3118446999578737,10000,10000,"T0=1000.0, alpha=0.995",312,120125,95 354 481 306 412 370 273 225 319 128 374 489 264 78 363 452 120 221 226 386 131 11 179 337 69 435 252 134 404 327 409 150 395 56 41 113 243 479 178 162 214 485 40 224 380 72 90 235 28 461 77 455 474 293 198 42 199 245 321 368 307 104 197 408 85 137 302 2 405 111 331 24 398 60 20 242 175 29 23 353 428 223 114 341 360 276 451 230 434 427 110 59 336 191 449 151 98 454 71 366 328 54 258 257 45 463 359 158 115 326 389 399 118 303 466 65 218 121 91 228 18 96 169 248 450 494 309 392 25 369 238 416 394 486 332 315 132 215 263 500 312 125 320 277 10 482 167 34 51 27 403 203 467 471 283 478 165 488 19 133 298 424 391 286 202 484 436 418 268 438 112 314 417 480 288 247 31 148 174 499 493 183 32 278 282 153 76 52 237 473 13 361 465 239 106 459 259 383 33 244 190 55 346 211 170 4 335 163 5 9 70 63 74 159 407 177 376 49 323 94 358 432 127 256 47 61 89 490 43 143 58 232 281 290 233 457 116 289 295 431 300 219 349 157 107 145 279 182 267 168 36 437 491 406 189 458 102 414 201 171 351 469 460 130 402 6 339 142 352 388 425 375 212 292 154 48 135 82 439 152 204 50 147 136 284 46 421 413 231 172 420 124 68 21 382 227 468 194 426 470 123 317 207 280 81 447 372 333 92 305 139 330 109 430 344 8 477 176 88 84 255 371 310 304 184 262 492 205 80 444 180 236 377 195 7 313 193 209 324 229 453 213 192 160 173 272 271 343 456 12 1 401 186 410 144 181 30 129 440 297 220 53 296 62 266 260 39 483 141 14 67 210 497 83 44 397 217 188 249 342 57 261 396 156 446 75 299 117 318 270 387 16 208 155 101 108 442 285 99 86 379 347 498 185 251 100 472 22 385 187 17 355 448 443 254 26 362 496 274 441 356 308 140 373 250 246 97 103 3 79 475 325 338 311 126 93 119 476 216 64 462 411 87 149 287 146 206 240 422 464 200 350 487 364 378 384 291 334 35 269 445 166 495 348 340 253 222 275 38 105 138 329 390 367 37 15 164 122 415 423 73 400 265 196 365 357 161 419 316 301 66 241 322 234 433 381 393 345 429 294,500,20,26984,26984,4.999979864805937e-06,599,-2.2198339756892973,-2688,8.879785933731954
data.120,Tabu Search,random,30271,27502,0.6281590000144206,500,20000,"tenure=15, cand=40",,120125,283 276 309 436 273 363 375 441 181 120 111 266 174 256 489 203 216 432 272 483 307 499 360 398 131 71 226 303 345 284 351 67 314 500 415 198 5 365 287 458 84 10 480 199 370 277 390 225 356 368 238 144 39 237 155 119 158 337 92 435 487 382 217 336 134 428 258 151 124 191 388 328 64 425 306 139 17 48 252 41 184 482 244 430 180 186 294 394 323 357 286 300 433 481 16 38 89 183 172 73 62 189 150 68 168 206 396 182 230 315 278 248 7 95 129 313 333 115 176 61 358 122 498 127 373 93 132 448 214 486 297 149 444 467 324 215 29 51 335 426 3 75 469 339 261 24 412 18 56 78 383 169 346 279 85 6 171 302 166 44 438 142 461 418 421 332 45 165 369 11 450 405 349 325 114 342 282 359 316 76 386 143 102 497 377 91 265 232 42 401 135 245 218 152 59 156 420 21 264 367 65 406 247 194 288 125 488 235 170 385 295 197 465 478 312 404 453 157 414 74 399 391 178 79 46 200 220 116 376 208 4 395 308 145 470 193 416 154 452 475 380 289 101 263 190 243 301 423 392 54 70 242 113 319 434 445 109 90 407 185 491 22 463 496 454 88 417 231 259 227 459 201 270 413 8 19 55 241 381 274 228 27 202 484 50 350 13 210 327 2 26 449 320 97 446 384 80 14 419 205 25 34 317 331 275 254 457 161 69 221 81 296 211 485 222 236 468 387 249 100 290 30 20 82 292 40 63 106 136 163 167 36 410 460 123 361 456 207 329 442 137 322 179 291 400 330 164 37 304 269 494 128 344 15 1 224 389 130 60 267 462 146 177 402 118 52 23 28 72 439 219 160 108 354 352 77 83 43 33 343 311 96 262 196 240 49 175 493 103 411 246 12 148 173 495 213 492 299 271 250 233 379 471 66 318 285 374 141 341 110 305 153 107 9 223 477 298 353 195 138 281 408 362 57 451 188 293 187 338 117 234 253 251 105 280 431 466 440 474 347 447 162 340 159 257 209 473 140 47 364 476 98 490 437 366 204 212 429 372 58 32 424 147 35 422 464 255 94 403 31 378 121 112 126 326 455 409 310 393 321 268 427 397 192 53 348 355 472 443 86 104 133 260 479 239 87 371 99 229 334,500,20,26984,26984,4.999979864805937e-06,518,-1.9196560924992587,-2769,9.14736876878861
